child_id,time,utterance,txt_label,img_label,n_objs,txt_ball,txt_brush,txt_car,txt_manu,txt_tima,txt_zem,n_imgs,img_ball,img_brush,img_car,img_manu,img_tima,img_zem,mat_label
XS_0801,2,you're patting that ball.,ball,zem,1,1,0,0,0,0,0,,0,0,0,0,0,1,FALSE
XS_0801,302.1,that's a tima.,tima,brush,2,0,0,0,0,1,0,,0,1,0,0,0,0,FALSE
XS_0801,302.1,that's a tima.,tima,tima,2,0,0,0,0,1,0,,0,0,0,0,1,0,TRUE
XS_0801,328.1,brush.,brush,brush,2,0,1,0,0,0,0,,0,1,0,0,0,0,TRUE
XS_0801,328.1,brush.,brush,tima,2,0,1,0,0,0,0,,0,0,0,0,1,0,FALSE
XS_0801,330,against the tima.,tima,tima,1,0,0,0,0,1,0,,0,0,0,0,1,0,TRUE
XS_0801,456.9,tima,tima,tima,1,0,0,0,0,1,0,,0,0,0,0,1,0,TRUE
XS_0805,223.8,is that a ball?,ball,zem,1,1,0,0,0,0,0,,0,0,0,0,0,1,FALSE
XS_0805,243.3,say ball.,ball,ball,1,1,0,0,0,0,0,,1,0,0,0,0,0,TRUE
XS_0805,251.3,the ball rolled away.,ball,ball,1,1,0,0,0,0,0,,1,0,0,0,0,0,TRUE
XS_0805,253.9,the ball rolled away.,ball,ball,1,1,0,0,0,0,0,,1,0,0,0,0,0,TRUE
XS_0805,282.5,want to see the brush?,brush,brush,1,0,1,0,0,0,0,,0,1,0,0,0,0,TRUE
XS_0805,640.7,can you get the ball?,ball,ball,1,1,0,0,0,0,0,,1,0,0,0,0,0,TRUE
XS_0805,740.2,where's the ball?,ball,ball,1,1,0,0,0,0,0,,1,0,0,0,0,0,TRUE
XS_0805,741.6,can you get the ball?,ball,ball,1,1,0,0,0,0,0,,1,0,0,0,0,0,TRUE
XS_0805,748.9,can you get the ball?,ball,ball,1,1,0,0,0,0,0,,1,0,0,0,0,0,TRUE
XS_0805,790,you want a brush?,brush,brush,1,0,1,0,0,0,0,,0,1,0,0,0,0,TRUE
XS_0805,861.9,where's the ball?,ball,ball,1,1,0,0,0,0,0,,1,0,0,0,0,0,TRUE
XS_0805,863.3,where's the ball?,ball,ball,1,1,0,0,0,0,0,,1,0,0,0,0,0,TRUE
XS_0805,867.5,where's the ball?,ball,ball,1,1,0,0,0,0,0,,1,0,0,0,0,0,TRUE
XS_0805,868.2,can you get the ball?,ball,ball,1,1,0,0,0,0,0,,1,0,0,0,0,0,TRUE
XS_0807,53.6,can you bounce the ball?,ball,ball,1,1,0,0,0,0,0,,1,0,0,0,0,0,TRUE
XS_0807,156.3,or do you like the the manu?,manu,manu,1,0,0,0,1,0,0,,0,0,0,1,0,0,TRUE
XS_0807,158.4,you like the manu?,manu,manu,1,0,0,0,1,0,0,,0,0,0,1,0,0,TRUE
XS_0807,357.6,tima.,tima,tima,1,0,0,0,0,1,0,,0,0,0,0,1,0,TRUE
XS_0807,504.1,you see the tima?,tima,tima,1,0,0,0,0,1,0,,0,0,0,0,1,0,TRUE
XS_0807,505.7,and you're chewing on the brush there.,brush,tima,1,0,1,0,0,0,0,,0,0,0,0,1,0,FALSE
XS_0807,650.6,let's put the tima and the zem or the brush away.,zem,brush,1,0,1,0,0,1,1,,0,1,0,0,0,0,TRUE
XS_0807,653.7,you want to try the ball and the zem again?,ball,zem,2,1,0,0,0,0,1,,0,0,0,0,0,1,TRUE
XS_0807,653.7,you want to try the ball and the zem again?,ball,ball,2,1,0,0,0,0,1,,1,0,0,0,0,0,TRUE
XS_0807,730,here's the ball.,ball,ball,1,1,0,0,0,0,0,,1,0,0,0,0,0,TRUE
XS_0807,773.1,you want the zem?,zem,zem,1,0,0,0,0,0,1,,0,0,0,0,0,1,TRUE
XS_0811,81.7,see the car driving on mommy.,car,car,1,0,0,1,0,0,0,,0,0,1,0,0,0,TRUE
XS_0811,254.6,car.,car,car,1,0,0,1,0,0,0,,0,0,1,0,0,0,TRUE
XS_0811,257.1,wanna drive the car again?,car,car,1,0,0,1,0,0,0,,0,0,1,0,0,0,TRUE
XS_0811,307.2,wanna play ball?,ball,zem,1,1,0,0,0,0,0,,0,0,0,0,0,1,FALSE
XS_0811,365.7,should we put the ball on top?,ball,ball,1,1,0,0,0,0,0,,1,0,0,0,0,0,TRUE
XS_0811,403.5,the ball?,ball,ball,1,1,0,0,0,0,0,,1,0,0,0,0,0,TRUE
XS_0811,525.5,ball.,ball,ball,1,1,0,0,0,0,0,,1,0,0,0,0,0,TRUE
XS_0811,569.4,you wanna play with the ball?,ball,ball,1,1,0,0,0,0,0,,1,0,0,0,0,0,TRUE
XS_0814,19,we've got a zem.,zem,zem,1,0,0,0,0,0,1,,0,0,0,0,0,1,TRUE
XS_0814,28,you want the ball?,ball,ball,1,1,0,0,0,0,0,,1,0,0,0,0,0,TRUE
XS_0814,44,there's the purple ball.,ball,zem,1,1,0,0,0,0,0,,0,0,0,0,0,1,FALSE
XS_0814,45,or the yellow zem?,zem,zem,1,0,0,0,0,0,1,,0,0,0,0,0,1,TRUE
XS_0814,67,you figured out how to grab the ball but not the zem?,ball,ball,1,1,0,0,0,0,1,,1,0,0,0,0,0,TRUE
XS_0814,68,you figured out how to grab the ball but not the zem?,zem,ball,1,1,0,0,0,0,1,,1,0,0,0,0,0,TRUE
XS_0814,103,how about the zem?,zem,zem,1,0,0,0,0,0,1,,0,0,0,0,0,1,TRUE
XS_0814,110,do you like the zem?,zem,zem,1,0,0,0,0,0,1,,0,0,0,0,0,1,TRUE
XS_0814,111,do you like the zem?,zem,zem,1,0,0,0,0,0,1,,0,0,0,0,0,1,TRUE
XS_0814,161,yeah that's the ball.,ball,zem,1,1,0,0,0,0,0,,0,0,0,0,0,1,FALSE
XS_0814,164,where'd the zem go?,zem,zem,1,0,0,0,0,0,1,,0,0,0,0,0,1,TRUE
XS_0814,180,you like that ball.,ball,zem,1,1,0,0,0,0,0,,0,0,0,0,0,1,FALSE
XS_0814,204,that's a pretty cool manu.,manu,car,1,0,0,0,1,0,0,,0,0,1,0,0,0,FALSE
XS_0814,215,but it's a manu.,manu,car,1,0,0,0,1,0,0,,0,0,1,0,0,0,FALSE
XS_0814,226,the manu looks like [xxx].,manu,car,1,0,0,0,1,0,0,,0,0,1,0,0,0,FALSE
XS_0814,227,tasty manu tasty manu.,manu,car,1,0,0,0,1,0,0,,0,0,1,0,0,0,FALSE
XS_0814,452,are you done with the manu and the car?,manu,manu,1,0,0,1,1,0,0,,0,0,0,1,0,0,TRUE
XS_0814,453,are you done with the manu and the car?,car,manu,1,0,0,1,1,0,0,,0,0,0,1,0,0,TRUE
XS_0814,521,you just want the manu for its handle.,manu,car,1,0,0,0,1,0,0,,0,0,1,0,0,0,FALSE
XS_0814,544,is the manu more fun than the car?,manu,car,1,0,0,1,1,0,0,,0,0,1,0,0,0,TRUE
XS_0814,545,is the manu more fun than the car?,car,car,1,0,0,1,1,0,0,,0,0,1,0,0,0,TRUE
XS_0814,599,you don't want the car hm?,car,car,1,0,0,1,0,0,0,,0,0,1,0,0,0,TRUE
XS_0814,621,you were chewing on the wheels of the car.,car,car,1,0,0,1,0,0,0,,0,0,1,0,0,0,TRUE
XS_0814,642,you got your manu.,manu,car,1,0,0,0,1,0,0,,0,0,1,0,0,0,FALSE
XS_0814,644,you got your manu.,manu,car,1,0,0,0,1,0,0,,0,0,1,0,0,0,FALSE
XS_0814,646,manumanumanu.,manu,car,3,0,0,0,1,0,0,,0,0,1,0,0,0,FALSE
XS_0814,882,look at the tima.,tima,tima,1,0,0,0,0,1,0,,0,0,0,0,1,0,TRUE
XS_0814,883,and here's a brush a giant brush.,brush,tima,1,0,1,0,0,0,0,,0,0,0,0,1,0,FALSE
XS_0814,884,and here's a brush a giant brush.,brush,tima,1,0,1,0,0,0,0,,0,0,0,0,1,0,FALSE
XS_0815,201.5,byebye zem.,zem,zem,1,0,0,0,0,0,1,,0,0,0,0,0,1,TRUE
XS_0815,493.9,a brush.,brush,brush,1,0,1,0,0,0,0,,0,1,0,0,0,0,TRUE
XS_0815,499.1,tima.,tima,tima,1,0,0,0,0,1,0,,0,0,0,0,1,0,TRUE
XS_0815,567.7,can I have the brush?,brush,brush,1,0,1,0,0,0,0,,0,1,0,0,0,0,TRUE
XS_0815,896.2,ball.,ball,ball,1,1,0,0,0,0,0,,1,0,0,0,0,0,TRUE
XS_0815,897.6,zem.,zem,zem,1,0,0,0,0,0,1,,0,0,0,0,0,1,TRUE
XS_0815,1115.4,go get zem.,zem,zem,2,0,0,0,0,0,1,,0,0,0,0,0,1,TRUE
XS_0815,1115.4,go get zem.,zem,ball,2,0,0,0,0,0,1,,1,0,0,0,0,0,FALSE
XS_0819,35.3,zem.,zem,zem,1,0,0,0,0,0,1,,0,0,0,0,0,1,TRUE
XS_0819,135.4,do you like the brush too?,brush,brush,2,0,1,0,0,0,0,,0,1,0,0,0,0,TRUE
XS_0819,135.4,do you like the brush too?,brush,tima,2,0,1,0,0,0,0,,0,0,0,0,1,0,FALSE
XS_0819,136.6,brush brush brush.,brush,brush,1,0,1,0,0,0,0,,0,1,0,0,0,0,TRUE
XS_0819,139,brush brush brush brush.,brush,tima,1,0,1,0,0,0,0,,0,0,0,0,1,0,FALSE
XS_0819,139.4,brush brush brush brush.,brush,tima,1,0,1,0,0,0,0,,0,0,0,0,1,0,FALSE
XS_0819,139.8,brush brush brush brush.,brush,tima,1,0,1,0,0,0,0,,0,0,0,0,1,0,FALSE
XS_0819,140.2,brush brush brush brush.,brush,tima,1,0,1,0,0,0,0,,0,0,0,0,1,0,FALSE
XS_0819,146.8,brush brush brush.,brush,brush,2,0,1,0,0,0,0,,0,1,0,0,0,0,TRUE
XS_0819,146.8,brush brush brush.,brush,tima,2,0,1,0,0,0,0,,0,0,0,0,1,0,FALSE
XS_0819,147.4,brush brush brush.,brush,brush,1,0,1,0,0,0,0,,0,1,0,0,0,0,TRUE
XS_0819,147.8,brush brush brush.,brush,brush,1,0,1,0,0,0,0,,0,1,0,0,0,0,TRUE
XS_0819,148.1,brush brush.,brush,brush,1,0,1,0,0,0,0,,0,1,0,0,0,0,TRUE
XS_0819,148.7,brush brush.,brush,brush,1,0,1,0,0,0,0,,0,1,0,0,0,0,TRUE
XS_0819,210.1,look at the tima.,tima,ball,1,0,0,0,0,1,0,,1,0,0,0,0,0,FALSE
XS_0819,233,car.,car,car,1,0,0,1,0,0,0,,0,0,1,0,0,0,TRUE
XS_0819,234.6,do you want to zoom car?,car,car,1,0,0,1,0,0,0,,0,0,1,0,0,0,TRUE
XS_0819,273,car vroom.,car,car,1,0,0,1,0,0,0,,0,0,1,0,0,0,TRUE
XS_0819,468.2,ball.,ball,ball,1,1,0,0,0,0,0,,1,0,0,0,0,0,TRUE
XS_0819,566.2,brush car?,car,car,1,0,1,1,0,0,0,,0,0,1,0,0,0,TRUE
XS_0819,572,brush car?,car,brush,2,0,1,1,0,0,0,,0,1,0,0,0,0,TRUE
XS_0819,572,brush car?,car,car,2,0,1,1,0,0,0,,0,0,1,0,0,0,TRUE
XS_0819,629.5,manu.,manu,manu,1,0,0,0,1,0,0,,0,0,0,1,0,0,TRUE
XS_0819,648.5,tima.,tima,tima,1,0,0,0,0,1,0,,0,0,0,0,1,0,TRUE
XS_0819,879.6,we like the car huh?,car,manu,1,0,0,1,0,0,0,,0,0,0,1,0,0,FALSE
XS_0819,890.4,brush.,brush,brush,1,0,1,0,0,0,0,,0,1,0,0,0,0,TRUE
XS_0819,892.6,brush.,brush,brush,1,0,1,0,0,0,0,,0,1,0,0,0,0,TRUE
XS_0819,910.1,brush.,brush,manu,1,0,1,0,0,0,0,,0,0,0,1,0,0,FALSE
XS_0821,5.6,look at the ball.,ball,ball,1,1,0,0,0,0,0,,1,0,0,0,0,0,TRUE
XS_0821,53.8,ooh car.,car,car,1,0,0,1,0,0,0,,0,0,1,0,0,0,TRUE
XS_0821,79.4,it's a happy car.,car,car,1,0,0,1,0,0,0,,0,0,1,0,0,0,TRUE
XS_0821,137.5,it's a zem.,zem,zem,1,0,0,0,0,0,1,,0,0,0,0,0,1,TRUE
XS_0821,150.3,zem.,zem,zem,1,0,0,0,0,0,1,,0,0,0,0,0,1,TRUE
XS_0821,176.8,zem.,zem,zem,1,0,0,0,0,0,1,,0,0,0,0,0,1,TRUE
XS_0821,190.4,it's manu.,manu,manu,1,0,0,0,1,0,0,,0,0,0,1,0,0,TRUE
XS_0821,194,[xxx] what do you think of the manu?,manu,manu,1,0,0,0,1,0,0,,0,0,0,1,0,0,TRUE
XS_0821,208.7,do you like the manu?,manu,manu,1,0,0,0,1,0,0,,0,0,0,1,0,0,TRUE
XS_0821,253.1,brush.,brush,brush,1,0,1,0,0,0,0,,0,1,0,0,0,0,TRUE
XS_0821,256.7,brush.,brush,brush,1,0,1,0,0,0,0,,0,1,0,0,0,0,TRUE
XS_0821,276.4,the brush.,brush,brush,1,0,1,0,0,0,0,,0,1,0,0,0,0,TRUE
XS_0821,326.7,this is a tima.,tima,tima,1,0,0,0,0,1,0,,0,0,0,0,1,0,TRUE
XS_0821,328,do you like the tima?,tima,tima,1,0,0,0,0,1,0,,0,0,0,0,1,0,TRUE
XS_0821,333.8,tima's good.,tima,tima,1,0,0,0,0,1,0,,0,0,0,0,1,0,TRUE
XS_0821,343,let's look at the tima.,tima,tima,1,0,0,0,0,1,0,,0,0,0,0,1,0,TRUE
XS_0821,384.2,you like zem?,zem,zem,1,0,0,0,0,0,1,,0,0,0,0,0,1,TRUE
XS_0821,423.6,ball.,ball,zem,3,1,0,0,0,0,0,,0,0,0,0,0,1,FALSE
XS_0821,423.6,ball.,ball,tima,3,1,0,0,0,0,0,,0,0,0,0,1,0,FALSE
XS_0821,423.6,ball.,ball,ball,3,1,0,0,0,0,0,,1,0,0,0,0,0,TRUE
XS_0821,441.9,tima.,tima,car,1,0,0,0,0,1,0,,0,0,1,0,0,0,FALSE
XS_0821,499.1,you like the ball.,ball,zem,2,1,0,0,0,0,0,,0,0,0,0,0,1,FALSE
XS_0821,499.1,you like the ball.,ball,ball,2,1,0,0,0,0,0,,1,0,0,0,0,0,TRUE
XS_0821,558.8,it keeps getting away from you that ball isn't it?,ball,brush,1,1,0,0,0,0,0,,0,1,0,0,0,0,FALSE
XS_0821,607.3,the brush.,brush,manu,1,0,1,0,0,0,0,,0,0,0,1,0,0,FALSE
XS_0821,641,and you got a manu.,manu,tima,1,0,0,0,1,0,0,,0,0,0,0,1,0,FALSE
XS_0821,738,can you turn the manu.,manu,zem,1,0,0,0,1,0,0,,0,0,0,0,0,1,FALSE
XS_0821,776.9,that manu sooky.,manu,zem,1,0,0,0,1,0,0,,0,0,0,0,0,1,FALSE
XS_0821,804,and then zem tickled your toes and tickle your nose.,zem,tima,1,0,0,0,0,0,1,,0,0,0,0,1,0,FALSE
XS_0821,847.9,ah back to the tima.,tima,tima,1,0,0,0,0,1,0,,0,0,0,0,1,0,TRUE
XS_0822,25,this one is a zem.,zem,zem,1,0,0,0,0,0,1,,0,0,0,0,0,1,TRUE
XS_0822,26.7,zem.,zem,zem,1,0,0,0,0,0,1,,0,0,0,0,0,1,TRUE
XS_0822,35.3,can you get the zem?,zem,zem,1,0,0,0,0,0,1,,0,0,0,0,0,1,TRUE
XS_0822,87.3,how about I take this brush and do ball.,brush,brush,1,1,1,0,0,0,0,,0,1,0,0,0,0,TRUE
XS_0822,90.5,how about I take this brush and do ball.,ball,brush,1,1,1,0,0,0,0,,0,1,0,0,0,0,TRUE
XS_0822,119.5,this is a tima.,tima,tima,1,0,0,0,0,1,0,,0,0,0,0,1,0,TRUE
XS_0822,256.9,you don't want to give up the brush.,brush,tima,1,0,1,0,0,0,0,,0,0,0,0,1,0,FALSE
XS_0822,277.1,oh you want the brush back.,brush,brush,1,0,1,0,0,0,0,,0,1,0,0,0,0,TRUE
XS_0822,351,I like manus don't you?,manu,manu,1,0,0,0,1,0,0,,0,0,0,1,0,0,TRUE
XS_0822,524.1,how about this ball?,ball,ball,1,1,0,0,0,0,0,,1,0,0,0,0,0,TRUE
XS_0822,525.8,would you like the ball?,ball,ball,1,1,0,0,0,0,0,,1,0,0,0,0,0,TRUE
XS_0822,533.7,go get that ball.,ball,ball,1,1,0,0,0,0,0,,1,0,0,0,0,0,TRUE
XS_0822,535,go get that ball.,ball,ball,1,1,0,0,0,0,0,,1,0,0,0,0,0,TRUE
XS_0822,542,purple ball.,ball,ball,1,1,0,0,0,0,0,,1,0,0,0,0,0,TRUE
XS_0822,635.6,you know daddy would want you to use that brush as a hockey stick.,brush,ball,1,0,1,0,0,0,0,,1,0,0,0,0,0,FALSE
XS_0822,681.2,all right let's grab let's grab this tima again.,tima,tima,1,0,0,0,0,1,0,,0,0,0,0,1,0,TRUE
XS_0822,741,[xxx] you like that brush.,brush,tima,1,0,1,0,0,0,0,,0,0,0,0,1,0,FALSE
XS_0822,844.8,you put the manu in the tima spot though.,manu,tima,1,0,0,0,1,1,0,,0,0,0,0,1,0,TRUE
XS_0822,845.6,you put the manu in the tima spot though.,tima,tima,1,0,0,0,1,1,0,,0,0,0,0,1,0,TRUE
XS_0822,851.5,put that tima back.,tima,tima,1,0,0,0,0,1,0,,0,0,0,0,1,0,TRUE
XS_0822,908,where'd the ball go?,ball,ball,1,1,0,0,0,0,0,,1,0,0,0,0,0,TRUE
XS_0822,909.7,your purple ball.,ball,ball,1,1,0,0,0,0,0,,1,0,0,0,0,0,TRUE
XS_0822,914,can you go get that purple ball?,ball,ball,1,1,0,0,0,0,0,,1,0,0,0,0,0,TRUE
XS_0822,915.7,Grayden go get the purple ball.,ball,ball,1,1,0,0,0,0,0,,1,0,0,0,0,0,TRUE
XS_0825,4.4,here's a ball.,ball,ball,1,1,0,0,0,0,0,,1,0,0,0,0,0,TRUE
XS_0825,6.4,see the ball.,ball,ball,1,1,0,0,0,0,0,,1,0,0,0,0,0,TRUE
XS_0825,8.9,lift the ball.,ball,ball,1,1,0,0,0,0,0,,1,0,0,0,0,0,TRUE
XS_0825,18.1,do you like that ball?,ball,ball,1,1,0,0,0,0,0,,1,0,0,0,0,0,TRUE
XS_0825,29.3,get the ball.,ball,ball,1,1,0,0,0,0,0,,1,0,0,0,0,0,TRUE
XS_0825,41.1,is that a good ball?,ball,ball,1,1,0,0,0,0,0,,1,0,0,0,0,0,TRUE
XS_0825,59.7,can you roll the ball?,ball,ball,1,1,0,0,0,0,0,,1,0,0,0,0,0,TRUE
XS_0825,71.9,oh where's the ball?,ball,ball,1,1,0,0,0,0,0,,1,0,0,0,0,0,TRUE
XS_0825,72.7,where's the ball?,ball,ball,1,1,0,0,0,0,0,,1,0,0,0,0,0,TRUE
XS_0825,76.6,mommy gets the ball for Daphne.,ball,ball,1,1,0,0,0,0,0,,1,0,0,0,0,0,TRUE
XS_0825,78.7,here's the ball.,ball,ball,1,1,0,0,0,0,0,,1,0,0,0,0,0,TRUE
XS_0825,89.4,that's a ball.,ball,ball,1,1,0,0,0,0,0,,1,0,0,0,0,0,TRUE
XS_0825,91.3,look at the zem ooh.,zem,zem,2,0,0,0,0,0,1,,0,0,0,0,0,1,TRUE
XS_0825,91.3,look at the zem ooh.,zem,ball,2,0,0,0,0,0,1,,1,0,0,0,0,0,FALSE
XS_0825,98.2,[xxx] go the zem.,zem,zem,2,0,0,0,0,0,1,,0,0,0,0,0,1,TRUE
XS_0825,98.2,[xxx] go the zem.,zem,ball,2,0,0,0,0,0,1,,1,0,0,0,0,0,FALSE
XS_0825,102.1,oh you like the ball better?,ball,ball,1,1,0,0,0,0,0,,1,0,0,0,0,0,TRUE
XS_0825,139.9,that ball's purple.,ball,zem,1,1,0,0,0,0,0,,0,0,0,0,0,1,FALSE
XS_0825,150.7,ah ball.,ball,zem,1,1,0,0,0,0,0,,0,0,0,0,0,1,FALSE
XS_0825,153.6,mommy's going to play with the zem.,zem,zem,1,0,0,0,0,0,1,,0,0,0,0,0,1,TRUE
XS_0825,156,I like a zem.,zem,zem,1,0,0,0,0,0,1,,0,0,0,0,0,1,TRUE
XS_0825,158.7,I like the zem.,zem,zem,1,0,0,0,0,0,1,,0,0,0,0,0,1,TRUE
XS_0825,163,ooh I love the zem.,zem,zem,1,0,0,0,0,0,1,,0,0,0,0,0,1,TRUE
XS_0825,165.8,mommy likes a zem.,zem,zem,1,0,0,0,0,0,1,,0,0,0,0,0,1,TRUE
XS_0825,168.3,put the zem on the ball.,zem,zem,1,1,0,0,0,0,1,,0,0,0,0,0,1,TRUE
XS_0825,169.1,put the zem on the ball.,ball,zem,1,1,0,0,0,0,1,,0,0,0,0,0,1,TRUE
XS_0825,169.8,put the zem on the ball.,zem,zem,1,1,0,0,0,0,1,,0,0,0,0,0,1,TRUE
XS_0825,170.6,put the zem on the ball.,ball,ball,1,1,0,0,0,0,1,,1,0,0,0,0,0,TRUE
XS_0825,173.3,oh okay throw the zem.,zem,ball,1,0,0,0,0,0,1,,1,0,0,0,0,0,FALSE
XS_0825,174.4,okay get the ball.,ball,ball,1,1,0,0,0,0,0,,1,0,0,0,0,0,TRUE
XS_0825,231.5,Daphne has the ball.,ball,zem,1,1,0,0,0,0,0,,0,0,0,0,0,1,FALSE
XS_0825,235.2,yeah get the zem.,zem,zem,1,0,0,0,0,0,1,,0,0,0,0,0,1,TRUE
XS_0825,264.2,mommy's going to play with the tima.,tima,tima,1,0,0,0,0,1,0,,0,0,0,0,1,0,TRUE
XS_0825,276.6,mommy likes the tima better.,tima,tima,1,0,0,0,0,1,0,,0,0,0,0,1,0,TRUE
XS_0825,280,does Daphne want to play with the tima too?,tima,tima,1,0,0,0,0,1,0,,0,0,0,0,1,0,TRUE
XS_0825,282,or does Daphne like the ball better?,ball,tima,1,1,0,0,0,0,0,,0,0,0,0,1,0,FALSE
XS_0825,300.4,you're really into that ball.,ball,tima,1,1,0,0,0,0,0,,0,0,0,0,1,0,FALSE
XS_0825,305.9,it's because we don't have balls at home.,ball,tima,1,1,0,0,0,0,0,,0,0,0,0,1,0,FALSE
XS_0825,321,where's the tima?,tima,tima,2,0,0,0,0,1,0,,0,0,0,0,1,0,TRUE
XS_0825,321,where's the tima?,tima,ball,2,0,0,0,0,1,0,,1,0,0,0,0,0,FALSE
XS_0825,322.4,mommy will play with the ball.,ball,tima,2,1,0,0,0,0,0,,0,0,0,0,1,0,FALSE
XS_0825,322.4,mommy will play with the ball.,ball,ball,2,1,0,0,0,0,0,,1,0,0,0,0,0,TRUE
XS_0825,325.8,do you like that tima?,tima,tima,1,0,0,0,0,1,0,,0,0,0,0,1,0,TRUE
XS_0825,329.6,the tima is orange.,tima,zem,2,0,0,0,0,1,0,,0,0,0,0,0,1,FALSE
XS_0825,329.6,the tima is orange.,tima,tima,2,0,0,0,0,1,0,,0,0,0,0,1,0,TRUE
XS_0825,333.5,where's the tima?,tima,tima,1,0,0,0,0,1,0,,0,0,0,0,1,0,TRUE
XS_0825,359,like that tima.,tima,tima,2,0,0,0,0,1,0,,0,0,0,0,1,0,TRUE
XS_0825,359,like that tima.,tima,ball,2,0,0,0,0,1,0,,1,0,0,0,0,0,FALSE
XS_0825,376.5,shake the tima.,tima,tima,2,0,0,0,0,1,0,,0,0,0,0,1,0,TRUE
XS_0825,376.5,shake the tima.,tima,ball,2,0,0,0,0,1,0,,1,0,0,0,0,0,FALSE
XS_0825,426,is that the tima?,tima,ball,1,0,0,0,0,1,0,,1,0,0,0,0,0,FALSE
XS_0825,499,that tima's pretty fun.,tima,tima,2,0,0,0,0,1,0,,0,0,0,0,1,0,TRUE
XS_0825,499,that tima's pretty fun.,tima,ball,2,0,0,0,0,1,0,,1,0,0,0,0,0,FALSE
XS_0825,576,oh can you get the zem with the tima?,zem,zem,2,0,0,0,0,1,1,,0,0,0,0,0,1,TRUE
XS_0825,576,oh can you get the zem with the tima?,zem,ball,2,0,0,0,0,1,1,,1,0,0,0,0,0,FALSE
XS_0825,576,oh can you get the zem with the tima?,tima,zem,2,0,0,0,0,1,1,,0,0,0,0,0,1,TRUE
XS_0825,576,oh can you get the zem with the tima?,tima,ball,2,0,0,0,0,1,1,,1,0,0,0,0,0,FALSE
XS_0825,580.6,no you can just stick with the tima that's good.,tima,ball,1,0,0,0,0,1,0,,1,0,0,0,0,0,FALSE
XS_0825,619.4,mommy's gonna get the tima.,tima,ball,1,0,0,0,0,1,0,,1,0,0,0,0,0,FALSE
XS_0825,628.8,oh get the tima.,tima,tima,1,0,0,0,0,1,0,,0,0,0,0,1,0,TRUE
XS_0825,650.9,tima tima tima.,tima,tima,1,0,0,0,0,1,0,,0,0,0,0,1,0,TRUE
XS_0825,651.5,tima tima tima.,tima,tima,1,0,0,0,0,1,0,,0,0,0,0,1,0,TRUE
XS_0825,652.1,tima tima tima.,tima,tima,1,0,0,0,0,1,0,,0,0,0,0,1,0,TRUE
XS_0825,667.6,where's the tima?,tima,ball,1,0,0,0,0,1,0,,1,0,0,0,0,0,FALSE
XS_0825,694.9,want a ball or a tima?,ball,tima,2,1,0,0,0,1,0,,0,0,0,0,1,0,TRUE
XS_0825,694.9,want a ball or a tima?,ball,ball,2,1,0,0,0,1,0,,1,0,0,0,0,0,TRUE
XS_0825,695.5,want a ball or a tima?,tima,tima,2,1,0,0,0,1,0,,0,0,0,0,1,0,TRUE
XS_0825,695.5,want a ball or a tima?,tima,ball,2,1,0,0,0,1,0,,1,0,0,0,0,0,TRUE
XS_0825,703.7,how's that ball taste?,ball,ball,1,1,0,0,0,0,0,,1,0,0,0,0,0,TRUE
XS_0825,715.6,that tima makes a fun noise.,tima,ball,1,0,0,0,0,1,0,,1,0,0,0,0,0,FALSE
XS_0825,716.8,ball doesn't make any noise.,ball,ball,1,1,0,0,0,0,0,,1,0,0,0,0,0,TRUE
XS_0825,765.2,good job you kicked the ball.,ball,ball,1,1,0,0,0,0,0,,1,0,0,0,0,0,TRUE
XS_0825,774,the balls' stuck.,ball,ball,1,1,0,0,0,0,0,,1,0,0,0,0,0,TRUE
XS_0825,793.9,what's the ball doing?,ball,ball,1,1,0,0,0,0,0,,1,0,0,0,0,0,TRUE
XS_0825,794.7,the ball's rolling.,ball,ball,1,1,0,0,0,0,0,,1,0,0,0,0,0,TRUE
XS_0825,796.7,the ball's rolling.,ball,ball,1,1,0,0,0,0,0,,1,0,0,0,0,0,TRUE
XS_0825,799.8,come back ball.,ball,ball,1,1,0,0,0,0,0,,1,0,0,0,0,0,TRUE
XS_0825,814.1,got that tima?,tima,tima,1,0,0,0,0,1,0,,0,0,0,0,1,0,TRUE
XS_0825,841,what's the zem doing?,zem,zem,1,0,0,0,0,0,1,,0,0,0,0,0,1,TRUE
XS_0825,844.5,I'm a zem.,zem,zem,1,0,0,0,0,0,1,,0,0,0,0,0,1,TRUE
XS_0825,845.2,a zem a zem a zem.,zem,zem,1,0,0,0,0,0,1,,0,0,0,0,0,1,TRUE
XS_0825,845.6,a zem a zem a zem.,zem,zem,1,0,0,0,0,0,1,,0,0,0,0,0,1,TRUE
XS_0825,846,a zem a zem a zem.,zem,zem,1,0,0,0,0,0,1,,0,0,0,0,0,1,TRUE
XS_0825,847.5,I'm a yellow zem.,zem,zem,1,0,0,0,0,0,1,,0,0,0,0,0,1,TRUE
XS_0825,850.9,I'm a yellow zem.,zem,zem,1,0,0,0,0,0,1,,0,0,0,0,0,1,TRUE
XS_0825,866.3,go back to the ball.,ball,ball,1,1,0,0,0,0,0,,1,0,0,0,0,0,TRUE
XS_0825,868.3,get the ball.,ball,ball,1,1,0,0,0,0,0,,1,0,0,0,0,0,TRUE
XS_0825,869.9,yay grab the ball.,ball,ball,1,1,0,0,0,0,0,,1,0,0,0,0,0,TRUE
XS_0825,883,kick the ball.,ball,ball,1,1,0,0,0,0,0,,1,0,0,0,0,0,TRUE
XS_0826,265,oh you like cars.,car,car,1,0,0,1,0,0,0,,0,0,1,0,0,0,TRUE
XS_0826,268.5,you always want brother's cars.,car,ball,2,0,0,1,0,0,0,,1,0,0,0,0,0,FALSE
XS_0826,268.5,you always want brother's cars.,car,car,2,0,0,1,0,0,0,,0,0,1,0,0,0,TRUE
XS_0826,270.1,there's a car.,car,ball,2,0,0,1,0,0,0,,1,0,0,0,0,0,FALSE
XS_0826,270.1,there's a car.,car,car,2,0,0,1,0,0,0,,0,0,1,0,0,0,TRUE
XS_0826,272.9,oh that's a loud car.,car,car,1,0,0,1,0,0,0,,0,0,1,0,0,0,TRUE
XS_0826,295.1,the car ran into the ball.,car,ball,2,1,0,1,0,0,0,,1,0,0,0,0,0,TRUE
XS_0826,295.1,the car ran into the ball.,car,car,2,1,0,1,0,0,0,,0,0,1,0,0,0,TRUE
XS_0826,295.8,the car ran into the ball.,ball,ball,2,1,0,1,0,0,0,,1,0,0,0,0,0,TRUE
XS_0826,295.8,the car ran into the ball.,ball,car,2,1,0,1,0,0,0,,0,0,1,0,0,0,TRUE
XS_0826,310.3,you got the ball.,ball,car,1,1,0,0,0,0,0,,0,0,1,0,0,0,FALSE
XS_0826,349.2,I'm gonna go get the ball.,ball,ball,1,1,0,0,0,0,0,,1,0,0,0,0,0,TRUE
XS_0826,393.4,let's put the car up the ball.,car,ball,1,1,0,1,0,0,0,,1,0,0,0,0,0,TRUE
XS_0826,394.3,let's put the car up the ball.,ball,brush,2,1,0,1,0,0,0,,0,1,0,0,0,0,FALSE
XS_0826,394.3,let's put the car up the ball.,ball,ball,2,1,0,1,0,0,0,,1,0,0,0,0,0,TRUE
XS_0826,397.2,here's a brush.,brush,brush,1,0,1,0,0,0,0,,0,1,0,0,0,0,TRUE
XS_1201,32.6,is that a ball?,ball,ball,1,1,0,0,0,0,0,,1,0,0,0,0,0,TRUE
XS_1201,35.4,a little baby soccer ball.,ball,ball,1,1,0,0,0,0,0,,1,0,0,0,0,0,TRUE
XS_1201,44.1,do you want to go get the ball?,ball,ball,1,1,0,0,0,0,0,,1,0,0,0,0,0,TRUE
XS_1201,100.8,can you say zem.,zem,ball,1,0,0,0,0,0,1,,1,0,0,0,0,0,FALSE
XS_1201,102.6,ball.,ball,ball,1,1,0,0,0,0,0,,1,0,0,0,0,0,TRUE
XS_1201,266.4,call it a manu.,brush,brush,1,0,0,0,1,0,0,,0,1,0,0,0,0,FALSE
XS_1201,266.7,brush brush brush brush.,brush,brush,1,0,1,0,0,0,0,,0,1,0,0,0,0,TRUE
XS_1201,267,brush brush brush brush.,brush,brush,1,0,1,0,0,0,0,,0,1,0,0,0,0,TRUE
XS_1201,267.4,brush brush brush brush.,brush,brush,1,0,1,0,0,0,0,,0,1,0,0,0,0,TRUE
XS_1201,292.1,is that the car?,car,car,1,0,0,1,0,0,0,,0,0,1,0,0,0,TRUE
XS_1201,295.5,you like the car.,car,car,1,0,0,1,0,0,0,,0,0,1,0,0,0,TRUE
XS_1201,305.3,do cars go fast?,car,zem,1,0,0,1,0,0,0,,0,0,0,0,0,1,FALSE
XS_1205,2.3,look I have the ball.,ball,ball,1,1,0,0,0,0,0,,1,0,0,0,0,0,TRUE
XS_1205,5.1,this is called zem.,zem,zem,1,0,0,0,0,0,1,,0,0,0,0,0,1,TRUE
XS_1205,12.9,there's the ball.,ball,ball,1,1,0,0,0,0,0,,1,0,0,0,0,0,TRUE
XS_1205,85.9,can you walk to the ball?,ball,ball,1,1,0,0,0,0,0,,1,0,0,0,0,0,TRUE
XS_1205,88,you want to pick up the ball?,ball,ball,1,1,0,0,0,0,0,,1,0,0,0,0,0,TRUE
XS_1205,101.8,can you kick the ball?,ball,zem,1,1,0,0,0,0,0,,0,0,0,0,0,1,FALSE
XS_1205,115.2,kick the zem.,zem,zem,2,0,0,0,0,0,1,,0,0,0,0,0,1,TRUE
XS_1205,115.2,kick the zem.,zem,ball,2,0,0,0,0,0,1,,1,0,0,0,0,0,FALSE
XS_1205,128.8,go get the ball.,ball,ball,1,1,0,0,0,0,0,,1,0,0,0,0,0,TRUE
XS_1205,132.5,oh the zem.,zem,zem,2,0,0,0,0,0,1,,0,0,0,0,0,1,TRUE
XS_1205,132.5,oh the zem.,zem,ball,2,0,0,0,0,0,1,,1,0,0,0,0,0,FALSE
XS_1205,168.6,there's a car.,car,manu,1,0,0,1,0,0,0,,0,0,0,1,0,0,FALSE
XS_1205,169.7,and a manu.,manu,manu,1,0,0,0,1,0,0,,0,0,0,1,0,0,TRUE
XS_1205,212.4,or do you want to see the car?,car,car,1,0,0,1,0,0,0,,0,0,1,0,0,0,TRUE
XS_1205,223.4,the car actually squeaks doesn't it?,car,manu,2,0,0,1,0,0,0,,0,0,0,1,0,0,FALSE
XS_1205,223.4,the car actually squeaks doesn't it?,car,car,2,0,0,1,0,0,0,,0,0,1,0,0,0,TRUE
XS_1205,288.2,that's called a manu.,manu,manu,1,0,0,0,1,0,0,,0,0,0,1,0,0,TRUE
XS_1205,448.1,do you want to play with the car still?,car,car,1,0,0,1,0,0,0,,0,0,1,0,0,0,TRUE
XS_1205,495.4,there's a tima.,tima,brush,2,0,0,0,0,1,0,,0,1,0,0,0,0,FALSE
XS_1205,495.4,there's a tima.,tima,tima,2,0,0,0,0,1,0,,0,0,0,0,1,0,TRUE
XS_1205,496.4,and a brush.,brush,brush,2,0,1,0,0,0,0,,0,1,0,0,0,0,TRUE
XS_1205,496.4,and a brush.,brush,tima,2,0,1,0,0,0,0,,0,0,0,0,1,0,FALSE
XS_1205,497.1,can you brush them?,brush,brush,1,0,1,0,0,0,0,,0,1,0,0,0,0,TRUE
XS_1205,553.2,are you gonna go brush the door?,brush,brush,1,0,1,0,0,0,0,,0,1,0,0,0,0,TRUE
XS_1205,571.8,are you brushing the door?,brush,brush,1,0,1,0,0,0,0,,0,1,0,0,0,0,TRUE
XS_1205,639.8,it does look like a toothbrush.,brush,brush,2,0,1,0,0,0,0,,0,1,0,0,0,0,TRUE
XS_1205,639.8,it does look like a toothbrush.,brush,tima,2,0,1,0,0,0,0,,0,0,0,0,1,0,FALSE
XS_1205,730.5,brush brush brush brush brush.,brush,brush,1,0,1,0,0,0,0,,0,1,0,0,0,0,TRUE
XS_1205,730.8,brush brush brush brush brush.,brush,tima,1,0,1,0,0,0,0,,0,0,0,0,1,0,FALSE
XS_1205,1101.3,can you brush the door?,brush,brush,1,0,1,0,0,0,0,,0,1,0,0,0,0,TRUE
XS_1208,26.7,get the ball.,ball,ball,1,1,0,0,0,0,0,,1,0,0,0,0,0,TRUE
XS_1208,111.6,we've got a car.,car,manu,1,0,0,1,0,0,0,,0,0,0,1,0,0,FALSE
XS_1208,170.3,that is a good squeaky car isn't it?,car,manu,1,0,0,1,0,0,0,,0,0,0,1,0,0,FALSE
XS_1208,452.5,where's the car going?,car,manu,1,0,0,1,0,0,0,,0,0,0,1,0,0,FALSE
XS_1211,0.6,want play with zem?,zem,zem,2,0,0,0,0,0,1,,0,0,0,0,0,1,TRUE
XS_1211,0.6,want play with zem?,zem,ball,2,0,0,0,0,0,1,,1,0,0,0,0,0,FALSE
XS_1211,3.3,you want the ball?,ball,ball,1,1,0,0,0,0,0,,1,0,0,0,0,0,TRUE
XS_1211,9.1,zem's funny.,zem,ball,1,0,0,0,0,0,1,,1,0,0,0,0,0,FALSE
XS_1211,23.8,you want to brush your toes with a zem?,zem,ball,1,0,1,0,0,0,1,,1,0,0,0,0,0,FALSE
XS_1211,90.5,now you want the ball?,ball,ball,1,1,0,0,0,0,0,,1,0,0,0,0,0,TRUE
XS_1211,92.3,look we can bounce the ball.,ball,ball,1,1,0,0,0,0,0,,1,0,0,0,0,0,TRUE
XS_1211,110.2,where's the zem?,zem,ball,1,0,0,0,0,0,1,,1,0,0,0,0,0,FALSE
XS_1211,143.6,can you get the ball?,ball,ball,1,1,0,0,0,0,0,,1,0,0,0,0,0,TRUE
XS_1211,145.2,can you give the ball to grandma?,ball,ball,1,1,0,0,0,0,0,,1,0,0,0,0,0,TRUE
XS_1211,160.3,go get the zem.,zem,zem,1,0,0,0,0,0,1,,0,0,0,0,0,1,TRUE
XS_1211,179.9,we could hit the ball with it.,ball,ball,1,1,0,0,0,0,0,,1,0,0,0,0,0,TRUE
XS_1211,186.2,go get the ball natty.,ball,ball,1,1,0,0,0,0,0,,1,0,0,0,0,0,TRUE
XS_1211,188.8,can you bring grandma the ball?,ball,ball,1,1,0,0,0,0,0,,1,0,0,0,0,0,TRUE
XS_1211,194.9,can you bring the ball to grandma?,ball,ball,1,1,0,0,0,0,0,,1,0,0,0,0,0,TRUE
XS_1211,197.2,oh I want the zem?,zem,ball,1,0,0,0,0,0,1,,1,0,0,0,0,0,FALSE
XS_1211,198.4,can I have the ball now too?,ball,ball,1,1,0,0,0,0,0,,1,0,0,0,0,0,TRUE
XS_1211,200.2,go get the ball.,ball,ball,1,1,0,0,0,0,0,,1,0,0,0,0,0,TRUE
XS_1211,212.8,car.,car,zem,2,0,0,1,0,0,0,,0,0,0,0,0,1,FALSE
XS_1211,212.8,car.,car,car,2,0,0,1,0,0,0,,0,0,1,0,0,0,TRUE
XS_1211,225.1,this is a manu.,manu,manu,1,0,0,0,1,0,0,,0,0,0,1,0,0,TRUE
XS_1211,254,and this is a tima.,tima,tima,1,0,0,0,0,1,0,,0,0,0,0,1,0,TRUE
XS_1211,256,what's a tima?,tima,tima,1,0,0,0,0,1,0,,0,0,0,0,1,0,TRUE
XS_1211,342.1,you like the brush don't you?,brush,brush,1,0,1,0,0,0,0,,0,1,0,0,0,0,TRUE
XS_1211,348.7,you brush your hair.,brush,tima,1,0,1,0,0,0,0,,0,0,0,0,1,0,FALSE
XS_1211,369.3,I'll tell you story about tima.,tima,tima,1,0,0,0,0,1,0,,0,0,0,0,1,0,TRUE
XS_1211,393.3,you want the brush?,brush,brush,1,0,1,0,0,0,0,,0,1,0,0,0,0,TRUE
XS_1211,395.4,here's a brush it's dancing.,brush,brush,1,0,1,0,0,0,0,,0,1,0,0,0,0,TRUE
XS_1211,465.8,this one's called manu.,manu,car,1,0,0,0,1,0,0,,0,0,1,0,0,0,FALSE
XS_1211,467.5,this is a manu it goes around.,manu,car,1,0,0,0,1,0,0,,0,0,1,0,0,0,FALSE
XS_1211,507.6,that's a silly car.,car,manu,1,0,0,1,0,0,0,,0,0,0,1,0,0,FALSE
XS_1211,511.6,where's the car's eyes?,car,manu,1,0,0,1,0,0,0,,0,0,0,1,0,0,FALSE
XS_1211,523.9,and this one's a manu.,manu,manu,1,0,0,0,1,0,0,,0,0,0,1,0,0,TRUE
XS_1211,558.4,how about the zem I like the zem.,zem,zem,1,0,0,0,0,0,1,,0,0,0,0,0,1,TRUE
XS_1211,559.3,how about the zem I like the zem.,zem,zem,1,0,0,0,0,0,1,,0,0,0,0,0,1,TRUE
XS_1211,570.8,get the zem and bring it to grandma.,zem,zem,1,0,0,0,0,0,1,,0,0,0,0,0,1,TRUE
XS_1211,579.3,where's the zem?,zem,zem,1,0,0,0,0,0,1,,0,0,0,0,0,1,TRUE
XS_1216,23,you want to play ball?,ball,ball,1,1,0,0,0,0,0,,1,0,0,0,0,0,TRUE
XS_1216,64,is that a ball?,ball,ball,1,1,0,0,0,0,0,,1,0,0,0,0,0,TRUE
XS_1216,65,ball.,ball,ball,1,1,0,0,0,0,0,,1,0,0,0,0,0,TRUE
XS_1216,77,ball.,ball,zem,1,1,0,0,0,0,0,,0,0,0,0,0,1,FALSE
XS_1216,160,do you want the ball or zem?,ball,ball,1,1,0,0,0,0,1,,1,0,0,0,0,0,TRUE
XS_1216,160,do you want the ball or zem?,zem,ball,1,1,0,0,0,0,1,,1,0,0,0,0,0,TRUE
XS_1216,345,oh it's a manu.,manu,manu,1,0,0,0,1,0,0,,0,0,0,1,0,0,TRUE
XS_1216,361,yeah can you say manu?,manu,manu,1,0,0,0,1,0,0,,0,0,0,1,0,0,TRUE
XS_1216,362,manu.,manu,manu,1,0,0,0,1,0,0,,0,0,0,1,0,0,TRUE
XS_1216,370,a car.,car,car,1,0,0,1,0,0,0,,0,0,1,0,0,0,TRUE
XS_1216,388,car.,car,car,1,0,0,1,0,0,0,,0,0,1,0,0,0,TRUE
XS_1216,418,is that a car?,car,car,1,0,0,1,0,0,0,,0,0,1,0,0,0,TRUE
XS_1216,460,car.,car,car,1,0,0,1,0,0,0,,0,0,1,0,0,0,TRUE
XS_1216,462,car.,car,car,1,0,0,1,0,0,0,,0,0,1,0,0,0,TRUE
XS_1216,539,a manu?,manu,manu,1,0,0,0,1,0,0,,0,0,0,1,0,0,TRUE
XS_1216,557,there's the car.,car,car,1,0,0,1,0,0,0,,0,0,1,0,0,0,TRUE
XS_1216,637,is that a manu?,manu,manu,1,0,0,0,1,0,0,,0,0,0,1,0,0,TRUE
XS_1216,913,and a brush.,brush,brush,2,0,1,0,0,0,0,,0,1,0,0,0,0,TRUE
XS_1216,913,and a brush.,brush,tima,2,0,1,0,0,0,0,,0,0,0,0,1,0,FALSE
XS_1216,925,brush.,brush,brush,1,0,1,0,0,0,0,,0,1,0,0,0,0,TRUE
XS_1216,931,is that a brush?,brush,brush,1,0,1,0,0,0,0,,0,1,0,0,0,0,TRUE
XS_1218,8,ball.,ball,zem,2,1,0,0,0,0,0,,0,0,0,0,0,1,FALSE
XS_1218,8,ball.,ball,ball,2,1,0,0,0,0,0,,1,0,0,0,0,0,TRUE
XS_1218,60,car.,car,manu,1,0,0,1,0,0,0,,0,0,0,1,0,0,FALSE
XS_1218,217,manu.,manu,manu,1,0,0,0,1,0,0,,0,0,0,1,0,0,TRUE
XS_1218,227,manu.,manu,manu,1,0,0,0,1,0,0,,0,0,0,1,0,0,TRUE
XS_1218,306,car.,car,manu,2,0,0,1,0,0,0,,0,0,0,1,0,0,FALSE
XS_1218,306,car.,car,car,2,0,0,1,0,0,0,,0,0,1,0,0,0,TRUE
XS_1218,407,zem.,zem,zem,1,0,0,0,0,0,1,,0,0,0,0,0,1,TRUE
XS_1218,530,zem.,zem,zem,2,0,0,0,0,0,1,,0,0,0,0,0,1,TRUE
XS_1218,530,zem.,zem,tima,2,0,0,0,0,0,1,,0,0,0,0,1,0,FALSE
XS_1218,532,zem.,zem,zem,1,0,0,0,0,0,1,,0,0,0,0,0,1,TRUE
XS_1218,533,zem.,zem,zem,1,0,0,0,0,0,1,,0,0,0,0,0,1,TRUE
XS_1218,584,zem.,zem,zem,2,0,0,0,0,0,1,,0,0,0,0,0,1,TRUE
XS_1218,584,zem.,zem,tima,2,0,0,0,0,0,1,,0,0,0,0,1,0,FALSE
XS_1218,586,zem.,zem,zem,2,0,0,0,0,0,1,,0,0,0,0,0,1,TRUE
XS_1218,586,zem.,zem,tima,2,0,0,0,0,0,1,,0,0,0,0,1,0,FALSE
XS_1218,661,zem.,zem,zem,1,0,0,0,0,0,1,,0,0,0,0,0,1,TRUE
XS_1219,45,zem?,zem,zem,1,0,0,0,0,0,1,,0,0,0,0,0,1,TRUE
XS_1219,48,zem?,zem,zem,1,0,0,0,0,0,1,,0,0,0,0,0,1,TRUE
XS_1219,81,do you want to play with the zem?,zem,zem,1,0,0,0,0,0,1,,0,0,0,0,0,1,TRUE
XS_1219,83,zem?,zem,zem,1,0,0,0,0,0,1,,0,0,0,0,0,1,TRUE
XS_1219,87,you wanna play with the zem?,zem,zem,2,0,0,0,0,0,1,,0,0,0,0,0,1,TRUE
XS_1219,87,you wanna play with the zem?,zem,ball,2,0,0,0,0,0,1,,1,0,0,0,0,0,FALSE
XS_1219,96,zem.,zem,zem,1,0,0,0,0,0,1,,0,0,0,0,0,1,TRUE
XS_1219,111,do you want the zem?,zem,zem,1,0,0,0,0,0,1,,0,0,0,0,0,1,TRUE
XS_1219,125,do you want to get the ball?,ball,ball,1,1,0,0,0,0,0,,1,0,0,0,0,0,TRUE
XS_1219,139,zem.,zem,zem,1,0,0,0,0,0,1,,0,0,0,0,0,1,TRUE
XS_1219,149,zem?,zem,ball,1,0,0,0,0,0,1,,1,0,0,0,0,0,FALSE
XS_1219,173,you want to keep playing with the zem?,zem,ball,1,0,0,0,0,0,1,,1,0,0,0,0,0,FALSE
XS_1219,174,zem?,zem,ball,1,0,0,0,0,0,1,,1,0,0,0,0,0,FALSE
XS_1219,208,look at the car.,car,car,1,0,0,1,0,0,0,,0,0,1,0,0,0,TRUE
XS_1219,210,and the tima.,tima,car,1,0,0,0,0,1,0,,0,0,1,0,0,0,FALSE
XS_1219,214,you want the tima?,tima,tima,1,0,0,0,0,1,0,,0,0,0,0,1,0,TRUE
XS_1219,346,the tima?,tima,tima,1,0,0,0,0,1,0,,0,0,0,0,1,0,TRUE
XS_1219,348,tima?,tima,tima,1,0,0,0,0,1,0,,0,0,0,0,1,0,TRUE
XS_1219,355,tima?,tima,car,1,0,0,0,0,1,0,,0,0,1,0,0,0,FALSE
XS_1219,389,make the car go through the tima.,car,tima,1,0,0,1,0,1,0,,0,0,0,0,1,0,TRUE
XS_1219,390,make the car go through the tima.,tima,tima,1,0,0,1,0,1,0,,0,0,0,0,1,0,TRUE
XS_1219,499,where's the tima?,tima,car,1,0,0,0,0,1,0,,0,0,1,0,0,0,FALSE
XS_1219,503,where's the tima?,tima,car,1,0,0,0,0,1,0,,0,0,1,0,0,0,FALSE
XS_1219,511,want to get the tima?,tima,car,1,0,0,0,0,1,0,,0,0,1,0,0,0,FALSE
XS_1219,521,you found the tima.,tima,car,1,0,0,0,0,1,0,,0,0,1,0,0,0,FALSE
XS_1219,556,do you want the manu or the brush?,manu,brush,2,0,1,0,1,0,0,,0,1,0,0,0,0,TRUE
XS_1219,556,do you want the manu or the brush?,manu,manu,2,0,1,0,1,0,0,,0,0,0,1,0,0,TRUE
XS_1219,557,do you want the manu or the brush?,brush,brush,2,0,1,0,1,0,0,,0,1,0,0,0,0,TRUE
XS_1219,557,do you want the manu or the brush?,brush,manu,2,0,1,0,1,0,0,,0,0,0,1,0,0,TRUE
XS_1219,559,manu.,manu,brush,1,0,0,0,1,0,0,,0,1,0,0,0,0,FALSE
XS_1219,561,brush.,brush,brush,1,0,1,0,0,0,0,,0,1,0,0,0,0,TRUE
XS_1219,566,brush?,brush,brush,1,0,1,0,0,0,0,,0,1,0,0,0,0,TRUE
XS_1219,572,manu.,manu,manu,1,0,0,0,1,0,0,,0,0,0,1,0,0,TRUE
XS_1219,627,do you want to turn the manu?,manu,manu,1,0,0,0,1,0,0,,0,0,0,1,0,0,TRUE
XS_1219,694,manu?,manu,manu,1,0,0,0,1,0,0,,0,0,0,1,0,0,TRUE
XS_1219,775.4,where's the manu?,manu,manu,1,0,0,0,1,0,0,,0,0,0,1,0,0,TRUE
XS_1219,776.5,where's the manu?,manu,manu,1,0,0,0,1,0,0,,0,0,0,1,0,0,TRUE
XS_1219,895,do you want your tima back?,tima,brush,1,0,0,0,0,1,0,,0,1,0,0,0,0,FALSE
XS_1219,901,do you want want the tima?,tima,tima,1,0,0,0,0,1,0,,0,0,0,0,1,0,TRUE
XS_1222,6.3,is that a ball?,ball,zem,1,1,0,0,0,0,0,,0,0,0,0,0,1,FALSE
XS_1222,8.1,is that a ball?,ball,zem,1,1,0,0,0,0,0,,0,0,0,0,0,1,FALSE
XS_1222,9.8,are you eating the ball?,ball,zem,1,1,0,0,0,0,0,,0,0,0,0,0,1,FALSE
XS_1222,11.2,can you give the ball to mama?,ball,zem,1,1,0,0,0,0,0,,0,0,0,0,0,1,FALSE
XS_1222,16.7,can you take the ball back?,ball,zem,1,1,0,0,0,0,0,,0,0,0,0,0,1,FALSE
XS_1222,28,that's a tima.,tima,zem,1,0,0,0,0,1,0,,0,0,0,0,0,1,FALSE
XS_1222,30.5,a tima.,tima,zem,1,0,0,0,0,1,0,,0,0,0,0,0,1,FALSE
XS_1222,266.3,brush your hair.,brush,zem,2,0,1,0,0,0,0,,0,0,0,0,0,1,FALSE
XS_1222,266.3,brush your hair.,brush,brush,2,0,1,0,0,0,0,,0,1,0,0,0,0,TRUE
XS_1222,269,brush brush brush.,brush,zem,1,0,1,0,0,0,0,,0,0,0,0,0,1,FALSE
XS_1222,345,do you want to see the ball again?,ball,ball,1,1,0,0,0,0,0,,1,0,0,0,0,0,TRUE
XS_1222,348.1,brush brush brush.,brush,ball,1,0,1,0,0,0,0,,1,0,0,0,0,0,FALSE
XS_1222,527.9,get the car.,car,ball,1,0,0,1,0,0,0,,1,0,0,0,0,0,FALSE
XS_1224,3,what are you going to do with that brush huh?,brush,brush,1,0,1,0,0,0,0,,0,1,0,0,0,0,TRUE
XS_1224,5.7,it's a pretty blue brush huh?,brush,brush,1,0,1,0,0,0,0,,0,1,0,0,0,0,TRUE
XS_1224,111,a tima.,tima,tima,1,0,0,0,0,1,0,,0,0,0,0,1,0,TRUE
XS_1224,113.1,look at the tima.,tima,tima,1,0,0,0,0,1,0,,0,0,0,0,1,0,TRUE
XS_1224,290.9,here you take the tima.,tima,tima,1,0,0,0,0,1,0,,0,0,0,0,1,0,TRUE
XS_1224,292.6,oh you wanted the brush?,brush,tima,1,0,1,0,0,0,0,,0,0,0,0,1,0,FALSE
XS_1224,385.6,should we do brush or tima?,brush,brush,1,0,1,0,0,1,0,,0,1,0,0,0,0,TRUE
XS_1224,386.2,should we do brush or tima?,tima,brush,1,0,1,0,0,1,0,,0,1,0,0,0,0,TRUE
XS_1224,402.8,where's the brush and the tima?,brush,tima,1,0,1,0,0,1,0,,0,0,0,0,1,0,TRUE
XS_1224,568.2,are you eating the brush again?,brush,tima,1,0,1,0,0,0,0,,0,0,0,0,1,0,FALSE
XS_1224,855.7,where did the tima go?,tima,tima,1,0,0,0,0,1,0,,0,0,0,0,1,0,TRUE
XS_1224,857.6,where's the tima?,tima,tima,1,0,0,0,0,1,0,,0,0,0,0,1,0,TRUE
XS_1229,0.6,show me the ball.,ball,ball,1,1,0,0,0,0,0,,1,0,0,0,0,0,TRUE
XS_1229,1.8,show mama the ball.,ball,ball,1,1,0,0,0,0,0,,1,0,0,0,0,0,TRUE
XS_1229,3.8,show mama the ball.,ball,ball,1,1,0,0,0,0,0,,1,0,0,0,0,0,TRUE
XS_1229,11.6,go get the ball.,ball,ball,1,1,0,0,0,0,0,,1,0,0,0,0,0,TRUE
XS_1229,39.7,zem.,zem,zem,1,0,0,0,0,0,1,,0,0,0,0,0,1,TRUE
XS_1229,42.1,zem.,zem,zem,2,0,0,0,0,0,1,,0,0,0,0,0,1,TRUE
XS_1229,42.1,zem.,zem,ball,2,0,0,0,0,0,1,,1,0,0,0,0,0,FALSE
XS_1229,102.5,and the ball.,ball,tima,2,1,0,0,0,0,0,,0,0,0,0,1,0,FALSE
XS_1229,102.5,and the ball.,ball,manu,2,1,0,0,0,0,0,,0,0,0,1,0,0,FALSE
XS_1229,203.4,big brush.,brush,brush,1,0,1,0,0,0,0,,0,1,0,0,0,0,TRUE
XS_1229,218.3,the ball.,ball,car,1,1,0,0,0,0,0,,0,0,1,0,0,0,FALSE
XS_1229,220.7,the car.,car,tima,2,0,0,1,0,0,0,,0,0,0,0,1,0,FALSE
XS_1229,220.7,the car.,car,car,2,0,0,1,0,0,0,,0,0,1,0,0,0,TRUE
XS_1229,224.6,want to put brush back?,brush,tima,1,0,1,0,0,0,0,,0,0,0,0,1,0,FALSE
XS_1229,227.3,or do you like the brush?,brush,tima,1,0,1,0,0,0,0,,0,0,0,0,1,0,FALSE
XS_1229,231.9,[xxx] ball.,ball,ball,2,1,0,0,0,0,0,,1,0,0,0,0,0,TRUE
XS_1229,231.9,[xxx] ball.,ball,car,2,1,0,0,0,0,0,,0,0,1,0,0,0,FALSE
XS_1229,279.1,manu.,manu,ball,2,0,0,0,1,0,0,,1,0,0,0,0,0,FALSE
XS_1229,279.1,manu.,manu,manu,2,0,0,0,1,0,0,,0,0,0,1,0,0,TRUE
XS_1229,461.8,the brush.,brush,brush,1,0,1,0,0,0,0,,0,1,0,0,0,0,TRUE
XS_1229,520.3,where did the ball go?,ball,ball,1,1,0,0,0,0,0,,1,0,0,0,0,0,TRUE
XS_1229,542.3,the car?,car,ball,1,0,0,1,0,0,0,,1,0,0,0,0,0,FALSE
XS_1229,543.7,I want the car.,car,ball,1,0,0,1,0,0,0,,1,0,0,0,0,0,FALSE
XS_1229,549.6,the brush is your favorite huh.,brush,car,1,0,1,0,0,0,0,,0,0,1,0,0,0,FALSE
XS_1229,647.9,can you brush your teeth?,brush,car,1,0,1,0,0,0,0,,0,0,1,0,0,0,FALSE
XS_1229,719.7,where's ball?,ball,ball,1,1,0,0,0,0,0,,1,0,0,0,0,0,TRUE
XS_1229,857.9,wear your hat and get mommy the ball.,ball,tima,1,1,0,0,0,0,0,,0,0,0,0,1,0,FALSE
XS_1229,859.6,throw the ball.,ball,tima,1,1,0,0,0,0,0,,0,0,0,0,1,0,FALSE
XS_1229,873.2,where's your brush?,brush,tima,1,0,1,0,0,0,0,,0,0,0,0,1,0,FALSE
XS_1229,874.8,where's your brush?,brush,tima,1,0,1,0,0,0,0,,0,0,0,0,1,0,FALSE
XS_1229,880.2,where's the brush?,brush,tima,1,0,1,0,0,0,0,,0,0,0,0,1,0,FALSE
XS_1230,44,where did the ball go?,ball,manu,1,1,0,0,0,0,0,,0,0,0,1,0,0,FALSE
XS_1230,45.7,oh do you see the ball over in the corner?,ball,ball,1,1,0,0,0,0,0,,1,0,0,0,0,0,TRUE
XS_1230,48.2,do you want to play roll the ball?,ball,ball,1,1,0,0,0,0,0,,1,0,0,0,0,0,TRUE
XS_1230,57,yeah you got a purple ball.,ball,ball,1,1,0,0,0,0,0,,1,0,0,0,0,0,TRUE
XS_1230,60,oh you threw me the ball.,ball,ball,1,1,0,0,0,0,0,,1,0,0,0,0,0,TRUE
XS_1230,89.9,that's the trouble with comparing anything to a ball.,ball,ball,1,1,0,0,0,0,0,,1,0,0,0,0,0,TRUE
XS_1230,90.3,those balls are too large.,ball,ball,1,1,0,0,0,0,0,,1,0,0,0,0,0,TRUE
XS_1230,98.4,zem.,zem,zem,1,0,0,0,0,0,1,,0,0,0,0,0,1,TRUE
XS_1230,121.9,are you going to chew on the ball?,ball,zem,1,1,0,0,0,0,0,,0,0,0,0,0,1,FALSE
XS_1230,142.1,that is a chomp-able ball.,ball,ball,1,1,0,0,0,0,0,,1,0,0,0,0,0,TRUE
XS_1230,149,do you want to play catch the zem?,zem,zem,2,0,0,0,0,0,1,,0,0,0,0,0,1,TRUE
XS_1230,149,do you want to play catch the zem?,zem,ball,2,0,0,0,0,0,1,,1,0,0,0,0,0,FALSE
XS_1230,150.3,can you catch the zem instead?,zem,zem,2,0,0,0,0,0,1,,0,0,0,0,0,1,TRUE
XS_1230,150.3,can you catch the zem instead?,zem,ball,2,0,0,0,0,0,1,,1,0,0,0,0,0,FALSE
XS_1230,155.7,no the ball is better.,ball,zem,2,1,0,0,0,0,0,,0,0,0,0,0,1,FALSE
XS_1230,155.7,no the ball is better.,ball,ball,2,1,0,0,0,0,0,,1,0,0,0,0,0,TRUE
XS_1230,184.4,less chewing on the ball.,ball,ball,1,1,0,0,0,0,0,,1,0,0,0,0,0,TRUE
XS_1230,212.8,flying zem.,zem,zem,2,0,0,0,0,0,1,,0,0,0,0,0,1,TRUE
XS_1230,212.8,flying zem.,zem,ball,2,0,0,0,0,0,1,,1,0,0,0,0,0,FALSE
XS_1230,238.6,you like the ball.,ball,ball,1,1,0,0,0,0,0,,1,0,0,0,0,0,TRUE
XS_1230,249,oh do you want to chew on a toothbrush?,brush,brush,1,0,1,0,0,0,0,,0,1,0,0,0,0,TRUE
XS_1230,249.9,and that's not a [xxx] toothbrush.,brush,brush,1,0,1,0,0,0,0,,0,1,0,0,0,0,TRUE
XS_1230,250.7,bigger than a toothbrush.,brush,brush,1,0,1,0,0,0,0,,0,1,0,0,0,0,TRUE
XS_1604,6.5,zem.,zem,zem,1,0,0,0,0,0,1,,0,0,0,0,0,1,TRUE
XS_1604,41.2,can you roll the ball to mommy?,ball,zem,1,1,0,0,0,0,0,,0,0,0,0,0,1,FALSE
XS_1604,42.6,roll the ball to mommy.,ball,zem,1,1,0,0,0,0,0,,0,0,0,0,0,1,FALSE
XS_1604,48.7,roll the ball.,ball,zem,1,1,0,0,0,0,0,,0,0,0,0,0,1,FALSE
XS_1604,49.6,roll the ball wee.,ball,zem,1,1,0,0,0,0,0,,0,0,0,0,0,1,FALSE
XS_1604,64.3,would you like to play with the zem?,zem,zem,1,0,0,0,0,0,1,,0,0,0,0,0,1,TRUE
XS_1604,66.5,would you like to play with the zem?,zem,zem,1,0,0,0,0,0,1,,0,0,0,0,0,1,TRUE
XS_1604,68,zem zem zem zem zem zem.,zem,zem,1,0,0,0,0,0,1,,0,0,0,0,0,1,TRUE
XS_1604,68.4,zem zem zem zem zem zem.,zem,zem,1,0,0,0,0,0,1,,0,0,0,0,0,1,TRUE
XS_1604,68.9,zem zem zem zem zem zem.,zem,zem,1,0,0,0,0,0,1,,0,0,0,0,0,1,TRUE
XS_1604,69.1,zem zem zem zem zem zem.,zem,zem,1,0,0,0,0,0,1,,0,0,0,0,0,1,TRUE
XS_1604,71.6,zem zem zem zem zem zem.,zem,zem,1,0,0,0,0,0,1,,0,0,0,0,0,1,TRUE
XS_1604,71.9,zem zem zem zem zem zem.,zem,zem,1,0,0,0,0,0,1,,0,0,0,0,0,1,TRUE
XS_1604,72.2,zem zem zem zem.,zem,zem,1,0,0,0,0,0,1,,0,0,0,0,0,1,TRUE
XS_1604,73,zem zem zem zem zem.,zem,zem,1,0,0,0,0,0,1,,0,0,0,0,0,1,TRUE
XS_1604,73.2,zem zem zem zem zem.,zem,zem,1,0,0,0,0,0,1,,0,0,0,0,0,1,TRUE
XS_1604,73.4,zem zem zem zem zem.,zem,zem,1,0,0,0,0,0,1,,0,0,0,0,0,1,TRUE
XS_1604,73.6,zem zem zem zem zem.,zem,zem,1,0,0,0,0,0,1,,0,0,0,0,0,1,TRUE
XS_1604,78.6,zem zem zem zem.,zem,zem,1,0,0,0,0,0,1,,0,0,0,0,0,1,TRUE
XS_1604,78.7,zem zem zem zem.,zem,zem,1,0,0,0,0,0,1,,0,0,0,0,0,1,TRUE
XS_1604,78.8,zem zem zem zem.,zem,zem,1,0,0,0,0,0,1,,0,0,0,0,0,1,TRUE
XS_1604,79,zem zem zem zem.,zem,zem,1,0,0,0,0,0,1,,0,0,0,0,0,1,TRUE
XS_1604,79.1,zem zem zem zem.,zem,zem,1,0,0,0,0,0,1,,0,0,0,0,0,1,TRUE
XS_1604,93.5,which one is the zem?,zem,zem,1,0,0,0,0,0,1,,0,0,0,0,0,1,TRUE
XS_1604,94.8,the zem?,zem,zem,1,0,0,0,0,0,1,,0,0,0,0,0,1,TRUE
XS_1604,98.2,which one is the zem?,zem,ball,1,0,0,0,0,0,1,,1,0,0,0,0,0,FALSE
XS_1604,118.1,do you want to hold the ball?,ball,zem,1,1,0,0,0,0,0,,0,0,0,0,0,1,FALSE
XS_1604,151.7,which one is the ball?,ball,ball,1,1,0,0,0,0,0,,1,0,0,0,0,0,TRUE
XS_1604,280.4,you want the zem?,zem,zem,1,0,0,0,0,0,1,,0,0,0,0,0,1,TRUE
XS_1604,285.2,the ball?,ball,zem,2,1,0,0,0,0,0,,0,0,0,0,0,1,FALSE
XS_1604,285.2,the ball?,ball,ball,2,1,0,0,0,0,0,,1,0,0,0,0,0,TRUE
XS_1604,437.4,manu manu manu.,manu,manu,1,0,0,0,1,0,0,,0,0,0,1,0,0,TRUE
XS_1604,437.7,manu manu manu.,manu,manu,1,0,0,0,1,0,0,,0,0,0,1,0,0,TRUE
XS_1604,439.6,can you say manu?,manu,manu,1,0,0,0,1,0,0,,0,0,0,1,0,0,TRUE
XS_1604,441,manu?,manu,manu,1,0,0,0,1,0,0,,0,0,0,1,0,0,TRUE
XS_1604,710,Luke can you hand me that oh that's the car.,car,car,1,0,0,1,0,0,0,,0,0,1,0,0,0,TRUE
XS_1604,711.5,can I have the tima?,tima,car,1,0,0,0,0,1,0,,0,0,1,0,0,0,FALSE
XS_1604,713.8,you can have the car.,car,car,1,0,0,1,0,0,0,,0,0,1,0,0,0,TRUE
XS_1604,715.1,can I have the tima?,tima,car,1,0,0,0,0,1,0,,0,0,1,0,0,0,FALSE
XS_1604,751,I'll take the car and you can have the brush.,car,car,1,0,1,1,0,0,0,,0,0,1,0,0,0,TRUE
XS_1604,758.1,can you brush my arm?,brush,tima,1,0,1,0,0,0,0,,0,0,0,0,1,0,FALSE
XS_1604,797.2,brush.,brush,brush,1,0,1,0,0,0,0,,0,1,0,0,0,0,TRUE
XS_1604,807.2,do you want the ball?,ball,ball,1,1,0,0,0,0,0,,1,0,0,0,0,0,TRUE
XS_1604,808.5,ball.,ball,ball,1,1,0,0,0,0,0,,1,0,0,0,0,0,TRUE
XS_1604,822.4,do you want the car?,car,car,1,0,0,1,0,0,0,,0,0,1,0,0,0,TRUE
XS_1604,823.5,car.,car,car,1,0,0,1,0,0,0,,0,0,1,0,0,0,TRUE
XS_1604,825.8,do you want the car?,car,ball,2,0,0,1,0,0,0,,1,0,0,0,0,0,FALSE
XS_1604,825.8,do you want the car?,car,car,2,0,0,1,0,0,0,,0,0,1,0,0,0,TRUE
XS_1604,827,put the ball back.,ball,ball,1,1,0,0,0,0,0,,1,0,0,0,0,0,TRUE
XS_1604,837,manu.,manu,manu,1,0,0,0,1,0,0,,0,0,0,1,0,0,TRUE
XS_1604,838.7,do you want the manu?,manu,manu,1,0,0,0,1,0,0,,0,0,0,1,0,0,TRUE
XS_1604,894.7,do you want the tima?,tima,tima,1,0,0,0,0,1,0,,0,0,0,0,1,0,TRUE
XS_1604,895.8,tima?,tima,tima,2,0,0,0,0,1,0,,0,0,0,0,1,0,TRUE
XS_1604,895.8,tima?,tima,ball,2,0,0,0,0,1,0,,1,0,0,0,0,0,FALSE
XS_1604,954.9,can you go get the ball?,ball,ball,1,1,0,0,0,0,0,,1,0,0,0,0,0,TRUE
XS_1604,956.4,go get the ball.,ball,ball,1,1,0,0,0,0,0,,1,0,0,0,0,0,TRUE
XS_1604,1001.9,you don't want to play with the tima anymore?,tima,tima,1,0,0,0,0,1,0,,0,0,0,0,1,0,TRUE
XS_1604,1035.4,ah there goes the ball.,ball,ball,1,1,0,0,0,0,0,,1,0,0,0,0,0,TRUE
XS_1604,1037.2,there goes the ball.,ball,ball,1,1,0,0,0,0,0,,1,0,0,0,0,0,TRUE
XS_1604,1074.3,oh well ball yay woo.,ball,ball,1,1,0,0,0,0,0,,1,0,0,0,0,0,TRUE
XS_1604,1079.8,give mommy the tima.,tima,ball,1,0,0,0,0,1,0,,1,0,0,0,0,0,FALSE
XS_1604,1085.7,how about the zem?,zem,zem,1,0,0,0,0,0,1,,0,0,0,0,0,1,TRUE
XS_1612,9.4,what color is this ball?,ball,ball,1,1,0,0,0,0,0,,1,0,0,0,0,0,TRUE
XS_1612,19.1,can you kick the ball?,ball,zem,1,1,0,0,0,0,0,,0,0,0,0,0,1,FALSE
XS_1612,125,a zem.,zem,zem,1,0,0,0,0,0,1,,0,0,0,0,0,1,TRUE
XS_1612,126.1,this is a zem.,zem,zem,1,0,0,0,0,0,1,,0,0,0,0,0,1,TRUE
XS_1612,129.6,zem.,zem,zem,1,0,0,0,0,0,1,,0,0,0,0,0,1,TRUE
XS_1612,188.7,kick the ball.,ball,ball,1,1,0,0,0,0,0,,1,0,0,0,0,0,TRUE
XS_1612,192.2,kick the ball.,ball,ball,1,1,0,0,0,0,0,,1,0,0,0,0,0,TRUE
XS_1612,221.7,I put the zem on my hand.,zem,zem,1,0,0,0,0,0,1,,0,0,0,0,0,1,TRUE
XS_1612,235.3,you've got the zem.,zem,ball,1,0,0,0,0,0,1,,1,0,0,0,0,0,FALSE
XS_1612,359.7,you dropped the zem.,zem,ball,1,0,0,0,0,0,1,,1,0,0,0,0,0,FALSE
XS_1612,368.9,it's a yellow zem.,zem,ball,1,0,0,0,0,0,1,,1,0,0,0,0,0,FALSE
XS_1612,373.3,you throwing the zem now?,zem,zem,1,0,0,0,0,0,1,,0,0,0,0,0,1,TRUE
XS_1612,428.4,zem.,zem,zem,1,0,0,0,0,0,1,,0,0,0,0,0,1,TRUE
XS_1612,533.7,or you like the zem that much?,zem,zem,1,0,0,0,0,0,1,,0,0,0,0,0,1,TRUE
XS_1612,575.8,you gonna throw the zem?,zem,zem,1,0,0,0,0,0,1,,0,0,0,0,0,1,TRUE
XS_1612,576.7,zem.,zem,zem,1,0,0,0,0,0,1,,0,0,0,0,0,1,TRUE
XS_1612,580,ball.,ball,ball,1,1,0,0,0,0,0,,1,0,0,0,0,0,TRUE
XS_1612,602.9,this is a manu.,manu,car,1,0,0,0,1,0,0,,0,0,1,0,0,0,FALSE
XS_1612,604.5,manu.,manu,car,1,0,0,0,1,0,0,,0,0,1,0,0,0,FALSE
XS_1612,611,car.,car,manu,1,0,0,1,0,0,0,,0,0,0,1,0,0,FALSE
XS_1612,641.9,is that a racecar?,car,manu,2,0,0,1,0,0,0,,0,0,0,1,0,0,FALSE
XS_1612,641.9,is that a racecar?,car,car,2,0,0,1,0,0,0,,0,0,1,0,0,0,TRUE
XS_1612,653.1,manu.,manu,manu,1,0,0,0,1,0,0,,0,0,0,1,0,0,TRUE
XS_1612,670.6,you've got the manu?,manu,manu,1,0,0,0,1,0,0,,0,0,0,1,0,0,TRUE
XS_1612,687,you dropped the manu?,manu,manu,1,0,0,0,1,0,0,,0,0,0,1,0,0,TRUE
XS_1612,725.9,you want the racecar.,car,car,1,0,0,1,0,0,0,,0,0,1,0,0,0,TRUE
XS_1612,759.1,see the brush?,brush,brush,1,0,1,0,0,0,0,,0,1,0,0,0,0,TRUE
XS_1612,760.7,brush.,brush,brush,1,0,1,0,0,0,0,,0,1,0,0,0,0,TRUE
XS_1612,763.1,brush.,brush,brush,1,0,1,0,0,0,0,,0,1,0,0,0,0,TRUE
XS_1612,769.1,brush.,brush,tima,1,0,1,0,0,0,0,,0,0,0,0,1,0,FALSE
XS_1612,771.4,brush.,brush,brush,1,0,1,0,0,0,0,,0,1,0,0,0,0,TRUE
XS_1612,837.8,you whacking the desk with the brush?,brush,tima,1,0,1,0,0,0,0,,0,0,0,0,1,0,FALSE
XS_1612,851.4,tima.,tima,tima,1,0,0,0,0,1,0,,0,0,0,0,1,0,TRUE
XS_1612,901.5,can you give the tima to mommy?,tima,tima,1,0,0,0,0,1,0,,0,0,0,0,1,0,TRUE
XS_1614,44,look it's a zem.,zem,zem,1,0,0,0,0,0,1,,0,0,0,0,0,1,TRUE
XS_1614,46.4,can you say zem.,zem,zem,1,0,0,0,0,0,1,,0,0,0,0,0,1,TRUE
XS_1614,165.7,do you want to play with the tima?,tima,tima,1,0,0,0,0,1,0,,0,0,0,0,1,0,TRUE
XS_1614,172,tima.,tima,tima,1,0,0,0,0,1,0,,0,0,0,0,1,0,TRUE
XS_1614,190,here comes the tima.,tima,tima,1,0,0,0,0,1,0,,0,0,0,0,1,0,TRUE
XS_1614,200.1,how about a manu?,manu,manu,1,0,0,0,1,0,0,,0,0,0,1,0,0,TRUE
XS_1614,323.2,yes it's a brush huh?,brush,brush,1,0,1,0,0,0,0,,0,1,0,0,0,0,TRUE
XS_1614,338.6,do you want the ball again?,ball,ball,1,1,0,0,0,0,0,,1,0,0,0,0,0,TRUE
XS_1614,355.9,the ball.,ball,tima,1,1,0,0,0,0,0,,0,0,0,0,1,0,FALSE
XS_1614,379.6,I know you see the ball.,ball,ball,1,1,0,0,0,0,0,,1,0,0,0,0,0,TRUE
XS_1614,395.7,zem.,zem,tima,1,0,0,0,0,0,1,,0,0,0,0,1,0,FALSE
XS_1614,415,you got me with the zem.,zem,zem,1,0,0,0,0,0,1,,0,0,0,0,0,1,TRUE
XS_1614,445.7,here's a zem.,zem,zem,1,0,0,0,0,0,1,,0,0,0,0,0,1,TRUE
XS_1614,452.1,how about the manu?,manu,ball,1,0,0,0,1,0,0,,1,0,0,0,0,0,FALSE
XS_1614,455.8,manu.,manu,ball,2,0,0,0,1,0,0,,1,0,0,0,0,0,FALSE
XS_1614,455.8,manu.,manu,manu,2,0,0,0,1,0,0,,0,0,0,1,0,0,TRUE
XS_1614,460.3,do you want to play with the manu?,manu,manu,1,0,0,0,1,0,0,,0,0,0,1,0,0,TRUE
XS_1614,466.9,do you want to play with look you can take the brush and get the ball.,brush,brush,1,1,1,0,0,0,0,,0,1,0,0,0,0,TRUE
XS_1614,467.9,do you want to play with look you can take the brush and get the ball.,ball,brush,1,1,1,0,0,0,0,,0,1,0,0,0,0,TRUE
XS_1614,469.4,let's get the ball with the brush.,ball,ball,1,1,1,0,0,0,0,,1,0,0,0,0,0,TRUE
XS_1614,469.9,let's get the ball with the brush.,brush,ball,1,1,1,0,0,0,0,,1,0,0,0,0,0,TRUE
XS_1614,538.6,brush.,brush,ball,1,0,1,0,0,0,0,,1,0,0,0,0,0,FALSE
XS_1614,550.9,you don't want the tima?,tima,tima,1,0,0,0,0,1,0,,0,0,0,0,1,0,TRUE
XS_1614,554.1,you want the tima?,tima,tima,1,0,0,0,0,1,0,,0,0,0,0,1,0,TRUE
XS_1614,557.2,do you want the manu?,manu,manu,1,0,0,0,1,0,0,,0,0,0,1,0,0,TRUE
XS_1614,562.2,you can put the brush inside.,brush,manu,1,0,1,0,0,0,0,,0,0,0,1,0,0,FALSE
XS_1614,621.1,do you want the manu?,manu,manu,1,0,0,0,1,0,0,,0,0,0,1,0,0,TRUE
XS_1614,630,the manu?,manu,manu,1,0,0,0,1,0,0,,0,0,0,1,0,0,TRUE
XS_1614,634.2,do you want the zem?,zem,zem,2,0,0,0,0,0,1,,0,0,0,0,0,1,TRUE
XS_1614,634.2,do you want the zem?,zem,manu,2,0,0,0,0,0,1,,0,0,0,1,0,0,FALSE
XS_1614,636.6,uhoh here comes the zem.,zem,zem,1,0,0,0,0,0,1,,0,0,0,0,0,1,TRUE
XS_1614,647.8,here comes the zem.,zem,zem,1,0,0,0,0,0,1,,0,0,0,0,0,1,TRUE
XS_1614,649.9,zem yes.,zem,zem,1,0,0,0,0,0,1,,0,0,0,0,0,1,TRUE
XS_1614,664.8,nightnight zem.,zem,zem,1,0,0,0,0,0,1,,0,0,0,0,0,1,TRUE
XS_1614,798.4,the car has a number one.,car,car,1,0,0,1,0,0,0,,0,0,1,0,0,0,TRUE
XS_1614,826.6,tima.,tima,tima,1,0,0,0,0,1,0,,0,0,0,0,1,0,TRUE
XS_1614,828.2,tima.,tima,tima,1,0,0,0,0,1,0,,0,0,0,0,1,0,TRUE
XS_1614,829.5,tima.,tima,tima,1,0,0,0,0,1,0,,0,0,0,0,1,0,TRUE
XS_1614,831,tima tima tima.,tima,tima,1,0,0,0,0,1,0,,0,0,0,0,1,0,TRUE
XS_1614,831.3,tima tima tima.,tima,tima,1,0,0,0,0,1,0,,0,0,0,0,1,0,TRUE
XS_1614,831.7,tima tima tima.,tima,tima,1,0,0,0,0,1,0,,0,0,0,0,1,0,TRUE
XS_1614,855.8,doctor tima.,tima,tima,1,0,0,0,0,1,0,,0,0,0,0,1,0,TRUE
XS_1614,883.9,do you want the ball?,ball,tima,1,1,0,0,0,0,0,,0,0,0,0,1,0,FALSE
XS_1614,893,purple ball.,ball,ball,2,1,0,0,0,0,0,,1,0,0,0,0,0,TRUE
XS_1614,893,purple ball.,ball,car,2,1,0,0,0,0,0,,0,0,1,0,0,0,FALSE
XS_1614,914.1,wait go get the ball.,ball,ball,1,1,0,0,0,0,0,,1,0,0,0,0,0,TRUE
XS_1619,4,ball.,ball,ball,1,1,0,0,0,0,0,,1,0,0,0,0,0,TRUE
XS_1619,12,Addie the zem.,zem,zem,1,0,0,0,0,0,1,,0,0,0,0,0,1,TRUE
XS_1619,13,zem.,zem,zem,1,0,0,0,0,0,1,,0,0,0,0,0,1,TRUE
XS_1619,15,where's the zem?,zem,zem,2,0,0,0,0,0,1,,0,0,0,0,0,1,TRUE
XS_1619,15,where's the zem?,zem,ball,2,0,0,0,0,0,1,,1,0,0,0,0,0,FALSE
XS_1619,33,where's the ball?,ball,zem,2,1,0,0,0,0,0,,0,0,0,0,0,1,FALSE
XS_1619,33,where's the ball?,ball,ball,2,1,0,0,0,0,0,,1,0,0,0,0,0,TRUE
XS_1619,68,it's a car?,car,manu,2,0,0,1,0,0,0,,0,0,0,1,0,0,FALSE
XS_1619,68,it's a car?,car,car,2,0,0,1,0,0,0,,0,0,1,0,0,0,TRUE
XS_1619,71,manu.,manu,manu,1,0,0,0,1,0,0,,0,0,0,1,0,0,TRUE
XS_1619,94,do you want to get the car?,car,manu,1,0,0,1,0,0,0,,0,0,0,1,0,0,FALSE
XS_1619,120,tima.,tima,tima,1,0,0,0,0,1,0,,0,0,0,0,1,0,TRUE
XS_1619,166,tima.,tima,car,1,0,0,0,0,1,0,,0,0,1,0,0,0,FALSE
XS_1619,341,mommy will get tima.,tima,tima,1,0,0,0,0,1,0,,0,0,0,0,1,0,TRUE
XS_1619,395,oh do you want a ball?,ball,ball,1,1,0,0,0,0,0,,1,0,0,0,0,0,TRUE
XS_1619,397,do you want a ball?,ball,ball,1,1,0,0,0,0,0,,1,0,0,0,0,0,TRUE
XS_1619,400,ball.,ball,car,1,1,0,0,0,0,0,,0,0,1,0,0,0,FALSE
XS_1619,446,zem.,zem,zem,1,0,0,0,0,0,1,,0,0,0,0,0,1,TRUE
XS_1619,448,zem.,zem,zem,1,0,0,0,0,0,1,,0,0,0,0,0,1,TRUE
XS_1619,453,where's the ball?,ball,ball,1,1,0,0,0,0,0,,1,0,0,0,0,0,TRUE
XS_1619,464,zem.,zem,zem,1,0,0,0,0,0,1,,0,0,0,0,0,1,TRUE
XS_1619,476,okay where's the ball?,ball,zem,1,1,0,0,0,0,0,,0,0,0,0,0,1,FALSE
XS_1619,477,go get mommy the ball.,ball,zem,1,1,0,0,0,0,0,,0,0,0,0,0,1,FALSE
XS_1619,587,want the brush?,brush,tima,2,0,1,0,0,0,0,,0,0,0,0,1,0,FALSE
XS_1619,587,want the brush?,brush,ball,2,0,1,0,0,0,0,,1,0,0,0,0,0,FALSE
XS_1619,772,where's the ball?,ball,car,1,1,0,0,0,0,0,,0,0,1,0,0,0,FALSE
XS_1619,828,okay I'm gonna get a toothbrush out and brush my hair.,brush,brush,1,0,1,0,0,0,0,,0,1,0,0,0,0,TRUE
XS_1619,833,get the zem.,zem,zem,2,0,0,0,0,0,1,,0,0,0,0,0,1,TRUE
XS_1619,833,get the zem.,zem,brush,2,0,0,0,0,0,1,,0,1,0,0,0,0,FALSE
XS_1622,21,this is a tima.,tima,tima,1,0,0,0,0,1,0,,0,0,0,0,1,0,TRUE
XS_1622,132,do you want to play with the ball instead of the car?,ball,ball,2,1,0,1,0,0,0,,1,0,0,0,0,0,TRUE
XS_1622,132,do you want to play with the ball instead of the car?,ball,manu,2,1,0,1,0,0,0,,0,0,0,1,0,0,FALSE
XS_1622,291,that's right it's a ball.,ball,ball,1,1,0,0,0,0,0,,1,0,0,0,0,0,TRUE
XS_1622,292,do you want to hold the ball?,ball,ball,1,1,0,0,0,0,0,,1,0,0,0,0,0,TRUE
XS_1622,303,where's the ball?,ball,ball,1,1,0,0,0,0,0,,1,0,0,0,0,0,TRUE
XS_1622,312,do you want to roll the ball some more?,ball,ball,1,1,0,0,0,0,0,,1,0,0,0,0,0,TRUE
XS_1622,325,can you go get the ball?,ball,ball,1,1,0,0,0,0,0,,1,0,0,0,0,0,TRUE
XS_1622,329,you don't want to [xxx] ball?,ball,zem,1,1,0,0,0,0,0,,0,0,0,0,0,1,FALSE
XS_1622,344,and does the car go vroom vroom vroom?,car,zem,1,0,0,1,0,0,0,,0,0,0,0,0,1,FALSE
XS_1622,369,go get the ball.,ball,ball,1,1,0,0,0,0,0,,1,0,0,0,0,0,TRUE
XS_1622,379,can you get the ball for me [xxx]?,ball,ball,1,1,0,0,0,0,0,,1,0,0,0,0,0,TRUE
XS_1622,387,but can you get that ball for me?,ball,ball,1,1,0,0,0,0,0,,1,0,0,0,0,0,TRUE
XS_1622,429,are these two different kinds of brushes?,brush,zem,1,0,1,0,0,0,0,,0,0,0,0,0,1,FALSE
XS_1622,431,what do I do with the brush?,brush,zem,2,0,1,0,0,0,0,,0,0,0,0,0,1,FALSE
XS_1622,431,what do I do with the brush?,brush,brush,2,0,1,0,0,0,0,,0,1,0,0,0,0,TRUE
XS_1622,759,where does the brush go?,brush,ball,1,0,1,0,0,0,0,,1,0,0,0,0,0,FALSE
XS_1622,833,no you're going to put the brush on oh that's pretty good.,brush,brush,1,0,1,0,0,0,0,,0,1,0,0,0,0,TRUE
XS_1628,25.8,what a nice purple ball.,ball,ball,1,1,0,0,0,0,0,,1,0,0,0,0,0,TRUE
XS_1628,34.2,a yellow zem.,zem,manu,1,0,0,0,0,0,1,,0,0,0,1,0,0,FALSE
XS_1628,49.6,yep you know the ball.,ball,manu,1,1,0,0,0,0,0,,0,0,0,1,0,0,FALSE
XS_1628,67.8,bounce the ball.,ball,manu,1,1,0,0,0,0,0,,0,0,0,1,0,0,FALSE
XS_1628,68.6,bounce the ball.,ball,zem,3,1,0,0,0,0,0,,0,0,0,0,0,1,FALSE
XS_1628,68.6,bounce the ball.,ball,ball,3,1,0,0,0,0,0,,1,0,0,0,0,0,TRUE
XS_1628,68.6,bounce the ball.,ball,manu,3,1,0,0,0,0,0,,0,0,0,1,0,0,FALSE
XS_1628,70.9,and throw the zem.,zem,zem,2,0,0,0,0,0,1,,0,0,0,0,0,1,TRUE
XS_1628,70.9,and throw the zem.,zem,ball,2,0,0,0,0,0,1,,1,0,0,0,0,0,FALSE
XS_1628,73.8,what if I hide the zem?,zem,zem,1,0,0,0,0,0,1,,0,0,0,0,0,1,TRUE
XS_1628,82.7,the yellow zem.,zem,zem,1,0,0,0,0,0,1,,0,0,0,0,0,1,TRUE
XS_1628,92.2,yellow zem.,zem,zem,1,0,0,0,0,0,1,,0,0,0,0,0,1,TRUE
XS_1628,96.6,and the purple ball.,ball,ball,1,1,0,0,0,0,0,,1,0,0,0,0,0,TRUE
XS_1628,98.6,where's the ball?,ball,ball,1,1,0,0,0,0,0,,1,0,0,0,0,0,TRUE
XS_1628,125.4,did you find the brush?,brush,zem,1,0,1,0,0,0,0,,0,0,0,0,0,1,FALSE
XS_1628,131,brush your hair.,brush,zem,1,0,1,0,0,0,0,,0,0,0,0,0,1,FALSE
XS_1628,135.3,this is a tima.,tima,zem,1,0,0,0,0,1,0,,0,0,0,0,0,1,FALSE
XS_1628,144.9,the brush.,brush,zem,1,0,1,0,0,0,0,,0,0,0,0,0,1,FALSE
XS_1628,146.6,you you know what to do with the brush don't you?,brush,zem,1,0,1,0,0,0,0,,0,0,0,0,0,1,FALSE
XS_1628,150.8,you know what to do with the brush.,brush,zem,1,0,1,0,0,0,0,,0,0,0,0,0,1,FALSE
XS_1628,218.4,there's the ball.,ball,ball,1,1,0,0,0,0,0,,1,0,0,0,0,0,TRUE
XS_1628,225.9,and the zem.,zem,tima,1,0,0,0,0,0,1,,0,0,0,0,1,0,FALSE
XS_1628,229.3,what does the zem do?,zem,tima,1,0,0,0,0,0,1,,0,0,0,0,1,0,FALSE
XS_1628,232.5,and and the tima.,tima,brush,2,0,0,0,0,1,0,,0,1,0,0,0,0,FALSE
XS_1628,232.5,and and the tima.,tima,tima,2,0,0,0,0,1,0,,0,0,0,0,1,0,TRUE
XS_1628,242.9,and the manu.,manu,manu,2,0,0,0,1,0,0,,0,0,0,1,0,0,TRUE
XS_1628,242.9,and the manu.,manu,car,2,0,0,0,1,0,0,,0,0,1,0,0,0,FALSE
XS_1628,254.6,there's the ball.,ball,ball,1,1,0,0,0,0,0,,1,0,0,0,0,0,TRUE
XS_1628,298.7,the zem and the ball.,zem,zem,2,1,0,0,0,0,1,,0,0,0,0,0,1,TRUE
XS_1628,298.7,the zem and the ball.,zem,ball,2,1,0,0,0,0,1,,1,0,0,0,0,0,TRUE
XS_1628,299.6,the zem and the ball.,ball,zem,2,1,0,0,0,0,1,,0,0,0,0,0,1,TRUE
XS_1628,299.6,the zem and the ball.,ball,ball,2,1,0,0,0,0,1,,1,0,0,0,0,0,TRUE
XS_1628,308.8,put your hand on the zem.,zem,zem,1,0,0,0,0,0,1,,0,0,0,0,0,1,TRUE
XS_1628,313.6,you like the ball.,ball,ball,1,1,0,0,0,0,0,,1,0,0,0,0,0,TRUE
XS_1628,324.8,squishy ball.,ball,ball,1,1,0,0,0,0,0,,1,0,0,0,0,0,TRUE
XS_1628,330.7,there's the ball.,ball,zem,1,1,0,0,0,0,0,,0,0,0,0,0,1,FALSE
XS_1628,333.2,there's the zem over there.,zem,zem,1,0,0,0,0,0,1,,0,0,0,0,0,1,TRUE
XS_1628,381.7,here's the zem.,zem,zem,1,0,0,0,0,0,1,,0,0,0,0,0,1,TRUE
XS_1628,444.8,that car squeaks.,car,manu,1,0,0,1,0,0,0,,0,0,0,1,0,0,FALSE
XS_1628,456.7,[xxx] brush and the tima.,brush,brush,1,0,1,0,0,1,0,,0,1,0,0,0,0,TRUE
XS_1628,457.4,[xxx] brush and the tima.,tima,brush,2,0,1,0,0,1,0,,0,1,0,0,0,0,TRUE
XS_1628,457.4,[xxx] brush and the tima.,tima,tima,2,0,1,0,0,1,0,,0,0,0,0,1,0,TRUE
XS_1628,469.5,what a nice brush.,brush,brush,1,0,1,0,0,0,0,,0,1,0,0,0,0,TRUE
XS_1628,474,what about the tima?,tima,tima,1,0,0,0,0,1,0,,0,0,0,0,1,0,TRUE
XS_1628,496.4,oh you see the ball.,ball,zem,3,1,0,0,0,0,0,,0,0,0,0,0,1,FALSE
XS_1628,496.4,oh you see the ball.,ball,tima,3,1,0,0,0,0,0,,0,0,0,0,1,0,FALSE
XS_1628,496.4,oh you see the ball.,ball,ball,3,1,0,0,0,0,0,,1,0,0,0,0,0,TRUE
XS_1628,533.1,a ball and a zem.,ball,zem,1,1,0,0,0,0,1,,0,0,0,0,0,1,TRUE
XS_1628,534,a ball and a zem.,zem,zem,1,1,0,0,0,0,1,,0,0,0,0,0,1,TRUE
XS_1628,616.3,the car and a manu.,car,manu,1,0,0,1,1,0,0,,0,0,0,1,0,0,TRUE
XS_1628,671.3,ball.,ball,zem,1,1,0,0,0,0,0,,0,0,0,0,0,1,FALSE
XS_1628,672.4,it's a ball.,ball,zem,1,1,0,0,0,0,0,,0,0,0,0,0,1,FALSE
XS_1628,674.7,it's a purple ball.,ball,zem,1,1,0,0,0,0,0,,0,0,0,0,0,1,FALSE
XS_1628,832.7,and the brush.,brush,brush,2,0,1,0,0,0,0,,0,1,0,0,0,0,TRUE
XS_1628,832.7,and the brush.,brush,tima,2,0,1,0,0,0,0,,0,0,0,0,1,0,FALSE
XS_1628,848.2,and the brush where does the brush go?,brush,tima,1,0,1,0,0,0,0,,0,0,0,0,1,0,FALSE
XS_1628,848.9,and the brush where does the brush go?,brush,tima,1,0,1,0,0,0,0,,0,0,0,0,1,0,FALSE
XS_1629,73.8,car.,car,manu,1,0,0,1,0,0,0,,0,0,0,1,0,0,FALSE
XS_1629,79.7,that's the car?,car,manu,1,0,0,1,0,0,0,,0,0,0,1,0,0,FALSE
XS_1629,108.2,a brush.,brush,brush,1,0,1,0,0,0,0,,0,1,0,0,0,0,TRUE
XS_1629,109.9,a brush.,brush,brush,1,0,1,0,0,0,0,,0,1,0,0,0,0,TRUE
XS_1629,115.1,and a tima.,tima,tima,1,0,0,0,0,1,0,,0,0,0,0,1,0,TRUE
XS_1629,132.1,oh brush.,brush,brush,1,0,1,0,0,0,0,,0,1,0,0,0,0,TRUE
XS_1629,163.2,I'm gonna hide that brush.,brush,brush,1,0,1,0,0,0,0,,0,1,0,0,0,0,TRUE
XS_1629,196.1,I have the ball.,ball,ball,1,1,0,0,0,0,0,,1,0,0,0,0,0,TRUE
XS_1629,197.1,I have the ball.,ball,ball,1,1,0,0,0,0,0,,1,0,0,0,0,0,TRUE
XS_1629,240.6,oh good ball.,ball,zem,1,1,0,0,0,0,0,,0,0,0,0,0,1,FALSE
XS_1629,255.3,hello brush.,brush,zem,1,0,1,0,0,0,0,,0,0,0,0,0,1,FALSE
XS_1629,277.9,you want the brush?,brush,tima,1,0,1,0,0,0,0,,0,0,0,0,1,0,FALSE
XS_1629,279.5,you want the brush?,brush,tima,1,0,1,0,0,0,0,,0,0,0,0,1,0,FALSE
XS_1629,303.9,I'm gonna get the ball.,ball,brush,1,1,0,0,0,0,0,,0,1,0,0,0,0,FALSE
XS_1629,361.1,throw the ball.,ball,ball,1,1,0,0,0,0,0,,1,0,0,0,0,0,TRUE
XS_1629,501.3,tima.,tima,manu,1,0,0,0,0,1,0,,0,0,0,1,0,0,FALSE
XS_1629,574.4,do you want to see this brush again?,brush,brush,1,0,1,0,0,0,0,,0,1,0,0,0,0,TRUE
XS_1629,581.3,do you want the brush?,brush,brush,1,0,1,0,0,0,0,,0,1,0,0,0,0,TRUE
XS_1629,603.2,manu car.,manu,manu,2,0,0,1,1,0,0,,0,0,0,1,0,0,TRUE
XS_1629,603.2,manu car.,manu,car,2,0,0,1,1,0,0,,0,0,1,0,0,0,TRUE
XS_1629,604.5,manu car.,car,manu,2,0,0,1,1,0,0,,0,0,0,1,0,0,TRUE
XS_1629,604.5,manu car.,car,car,2,0,0,1,1,0,0,,0,0,1,0,0,0,TRUE
XS_1629,630.7,manu.,manu,manu,2,0,0,0,1,0,0,,0,0,0,1,0,0,TRUE
XS_1629,630.7,manu.,manu,car,2,0,0,0,1,0,0,,0,0,1,0,0,0,FALSE
XS_1629,634.6,you like the car huh?,car,car,1,0,0,1,0,0,0,,0,0,1,0,0,0,TRUE
XS_1629,646.4,go go go car.,car,car,1,0,0,1,0,0,0,,0,0,1,0,0,0,TRUE
XS_1629,648.2,go go go car.,car,car,1,0,0,1,0,0,0,,0,0,1,0,0,0,TRUE
XS_1629,753.1,a manu.,manu,manu,1,0,0,0,1,0,0,,0,0,0,1,0,0,TRUE
XS_1629,771.5,where's the car?,car,manu,1,0,0,1,0,0,0,,0,0,0,1,0,0,FALSE
XS_1629,773.4,can you go get the car?,car,manu,2,0,0,1,0,0,0,,0,0,0,1,0,0,FALSE
XS_1629,773.4,can you go get the car?,car,car,2,0,0,1,0,0,0,,0,0,1,0,0,0,TRUE
XS_1629,782.8,how about the ball?,ball,car,1,1,0,0,0,0,0,,0,0,1,0,0,0,FALSE
XS_1629,784.4,can you hand me the ball?,ball,ball,2,1,0,0,0,0,0,,1,0,0,0,0,0,TRUE
XS_1629,784.4,can you hand me the ball?,ball,car,2,1,0,0,0,0,0,,0,0,1,0,0,0,FALSE
XS_1629,787,throw me the ball.,ball,ball,2,1,0,0,0,0,0,,1,0,0,0,0,0,TRUE
XS_1629,787,throw me the ball.,ball,car,2,1,0,0,0,0,0,,0,0,1,0,0,0,FALSE
XS_1629,791.1,that's a soccer ball huh?,ball,ball,1,1,0,0,0,0,0,,1,0,0,0,0,0,TRUE
XS_1629,793.4,it's a soccer ball.,ball,ball,1,1,0,0,0,0,0,,1,0,0,0,0,0,TRUE
XS_1629,854.5,ball on the zem.,ball,zem,1,1,0,0,0,0,1,,0,0,0,0,0,1,TRUE
XS_1629,855.1,ball on the zem.,zem,zem,1,1,0,0,0,0,1,,0,0,0,0,0,1,TRUE
XS_1629,877.9,can we wash the ball?,ball,zem,1,1,0,0,0,0,0,,0,0,0,0,0,1,FALSE
XS_1631,3.6,zem.,zem,zem,1,0,0,0,0,0,1,,0,0,0,0,0,1,TRUE
XS_1631,4.9,a ball.,ball,zem,1,1,0,0,0,0,0,,0,0,0,0,0,1,FALSE
XS_1631,13.4,the ball.,ball,ball,1,1,0,0,0,0,0,,1,0,0,0,0,0,TRUE
XS_1631,16,here the ball.,ball,ball,1,1,0,0,0,0,0,,1,0,0,0,0,0,TRUE
XS_1631,20.2,zem.,zem,zem,1,0,0,0,0,0,1,,0,0,0,0,0,1,TRUE
XS_1631,21.7,zem.,zem,zem,1,0,0,0,0,0,1,,0,0,0,0,0,1,TRUE
XS_1631,29.9,a manu.,manu,manu,1,0,0,0,1,0,0,,0,0,0,1,0,0,TRUE
XS_1631,57,car.,car,ball,1,0,0,1,0,0,0,,1,0,0,0,0,0,FALSE
XS_1631,60,that's a car.,car,ball,2,0,0,1,0,0,0,,1,0,0,0,0,0,FALSE
XS_1631,60,that's a car.,car,car,2,0,0,1,0,0,0,,0,0,1,0,0,0,TRUE
XS_1631,66.2,that's the car mama.,car,ball,1,0,0,1,0,0,0,,1,0,0,0,0,0,FALSE
XS_1631,100.7,the ball.,ball,ball,1,1,0,0,0,0,0,,1,0,0,0,0,0,TRUE
XS_1631,113.8,brush.,brush,brush,1,0,1,0,0,0,0,,0,1,0,0,0,0,TRUE
XS_1631,213.5,a brush for your hair.,brush,ball,1,0,1,0,0,0,0,,1,0,0,0,0,0,FALSE
XS_1631,223.5,tima look.,tima,car,1,0,0,0,0,1,0,,0,0,1,0,0,0,FALSE
XS_1631,227,tima.,tima,brush,2,0,0,0,0,1,0,,0,1,0,0,0,0,FALSE
XS_1631,227,tima.,tima,tima,2,0,0,0,0,1,0,,0,0,0,0,1,0,TRUE
XS_1631,250.2,ball.,ball,ball,1,1,0,0,0,0,0,,1,0,0,0,0,0,TRUE
XS_1631,252.5,you like the ball Oma?,ball,brush,1,1,0,0,0,0,0,,0,1,0,0,0,0,FALSE
XS_1631,279,the ball.,ball,ball,1,1,0,0,0,0,0,,1,0,0,0,0,0,TRUE
XS_1631,280,[xxx] the ball.,ball,ball,1,1,0,0,0,0,0,,1,0,0,0,0,0,TRUE
XS_1631,291.5,here the ball.,ball,ball,1,1,0,0,0,0,0,,1,0,0,0,0,0,TRUE
XS_1631,304.7,the ball.,ball,ball,1,1,0,0,0,0,0,,1,0,0,0,0,0,TRUE
XS_1631,363,ball.,ball,ball,1,1,0,0,0,0,0,,1,0,0,0,0,0,TRUE
XS_1631,369.6,ball.,ball,ball,1,1,0,0,0,0,0,,1,0,0,0,0,0,TRUE
XS_1631,384.6,look brush.,brush,ball,1,0,1,0,0,0,0,,1,0,0,0,0,0,FALSE
XS_1631,385.6,do you want to play with brush?,brush,ball,1,0,1,0,0,0,0,,1,0,0,0,0,0,FALSE
XS_1631,452.6,look mama tima.,tima,car,1,0,0,0,0,1,0,,0,0,1,0,0,0,FALSE
XS_1631,463.2,the zem.,zem,car,1,0,0,0,0,0,1,,0,0,1,0,0,0,FALSE
XS_1631,467.9,ball.,ball,ball,1,1,0,0,0,0,0,,1,0,0,0,0,0,TRUE
XS_1631,469.7,get the ball mama.,ball,brush,2,1,0,0,0,0,0,,0,1,0,0,0,0,FALSE
XS_1631,469.7,get the ball mama.,ball,ball,2,1,0,0,0,0,0,,1,0,0,0,0,0,TRUE
XS_1631,516.7,zem.,zem,zem,1,0,0,0,0,0,1,,0,0,0,0,0,1,TRUE
XS_1631,518.1,zem.,zem,zem,2,0,0,0,0,0,1,,0,0,0,0,0,1,TRUE
XS_1631,518.1,zem.,zem,manu,2,0,0,0,0,0,1,,0,0,0,1,0,0,FALSE
XS_1631,538.5,zem.,zem,zem,2,0,0,0,0,0,1,,0,0,0,0,0,1,TRUE
XS_1631,538.5,zem.,zem,manu,2,0,0,0,0,0,1,,0,0,0,1,0,0,FALSE
XS_1631,568.6,ball.,ball,zem,2,1,0,0,0,0,0,,0,0,0,0,0,1,FALSE
XS_1631,568.6,ball.,ball,manu,2,1,0,0,0,0,0,,0,0,0,1,0,0,FALSE
XS_1631,569.8,zem.,zem,zem,1,0,0,0,0,0,1,,0,0,0,0,0,1,TRUE
XS_1631,603.1,ball.,ball,ball,1,1,0,0,0,0,0,,1,0,0,0,0,0,TRUE
XS_1631,604.1,get the ball.,ball,ball,1,1,0,0,0,0,0,,1,0,0,0,0,0,TRUE
XS_1631,605.8,get the ball mama.,ball,ball,1,1,0,0,0,0,0,,1,0,0,0,0,0,TRUE
XS_1631,607.6,the ball.,ball,ball,1,1,0,0,0,0,0,,1,0,0,0,0,0,TRUE
XS_1631,627.1,brush.,brush,brush,1,0,1,0,0,0,0,,0,1,0,0,0,0,TRUE
XS_1631,634.3,here mama tima.,tima,tima,1,0,0,0,0,1,0,,0,0,0,0,1,0,TRUE
XS_1631,653.3,tima.,tima,manu,1,0,0,0,0,1,0,,0,0,0,1,0,0,FALSE
XS_1634,40.4,how about the zem?,zem,zem,1,0,0,0,0,0,1,,0,0,0,0,0,1,TRUE
XS_1634,41.5,do you want to play with the zem?,zem,zem,1,0,0,0,0,0,1,,0,0,0,0,0,1,TRUE
XS_1634,55,that's the manu.,manu,brush,1,0,0,0,1,0,0,,0,1,0,0,0,0,FALSE
XS_1634,100,can you see the balls on the wall?,ball,manu,1,1,0,0,0,0,0,,0,0,0,1,0,0,FALSE
XS_1634,165.4,can you bring the ball back?,ball,ball,1,1,0,0,0,0,0,,1,0,0,0,0,0,TRUE
XS_1634,214.1,ball.,ball,ball,1,1,0,0,0,0,0,,1,0,0,0,0,0,TRUE
XS_1634,217,you got the ball and the car.,ball,ball,1,1,0,1,0,0,0,,1,0,0,0,0,0,TRUE
XS_1634,217.6,you got the ball and the car.,car,ball,1,1,0,1,0,0,0,,1,0,0,0,0,0,TRUE
XS_1634,260.4,tima.,tima,tima,1,0,0,0,0,1,0,,0,0,0,0,1,0,TRUE
XS_1634,310.4,I'll hold the car you play with that.,car,car,1,0,0,1,0,0,0,,0,0,1,0,0,0,TRUE
XS_1634,331.5,what about the tima?,tima,tima,1,0,0,0,0,1,0,,0,0,0,0,1,0,TRUE
XS_1634,423.3,you want the tima?,tima,tima,1,0,0,0,0,1,0,,0,0,0,0,1,0,TRUE
XS_1634,438.4,what about the manu?,manu,manu,1,0,0,0,1,0,0,,0,0,0,1,0,0,TRUE
XS_1634,514,Avery where did you leave the ball?,ball,ball,1,1,0,0,0,0,0,,1,0,0,0,0,0,TRUE
XS_1634,516.3,where did you leave the ball?,ball,ball,1,1,0,0,0,0,0,,1,0,0,0,0,0,TRUE
XS_1634,523.2,ah ball ball.,ball,tima,1,1,0,0,0,0,0,,0,0,0,0,1,0,FALSE
XS_1634,523.7,ah ball ball.,ball,tima,1,1,0,0,0,0,0,,0,0,0,0,1,0,FALSE
XS_1634,525,ball ball.,ball,tima,1,1,0,0,0,0,0,,0,0,0,0,1,0,FALSE
XS_1634,525.5,ball ball.,ball,tima,1,1,0,0,0,0,0,,0,0,0,0,1,0,FALSE
XS_1634,545.9,play with the brush [xxx].,brush,brush,1,0,1,0,0,0,0,,0,1,0,0,0,0,TRUE
XS_1634,561.1,are you brushing your the floor?,brush,ball,1,0,1,0,0,0,0,,1,0,0,0,0,0,FALSE
XS_1634,620.1,are you done with the brush?,brush,ball,1,0,1,0,0,0,0,,1,0,0,0,0,0,FALSE
XS_1634,624.2,say hi to the car.,car,zem,1,0,0,1,0,0,0,,0,0,0,0,0,1,FALSE
XS_1634,626.1,what about the zem.,zem,zem,1,0,0,0,0,0,1,,0,0,0,0,0,1,TRUE
XS_1634,652.8,you know it's a manu.,manu,ball,1,0,0,0,1,0,0,,1,0,0,0,0,0,FALSE
XS_1634,654.8,don't eat the tima.,tima,ball,1,0,0,0,0,1,0,,1,0,0,0,0,0,FALSE
XS_1634,656.5,timas are not for eating.,tima,ball,1,0,0,0,0,1,0,,1,0,0,0,0,0,FALSE
XS_1634,708.1,clap the tima.,tima,zem,1,0,0,0,0,1,0,,0,0,0,0,0,1,FALSE
XS_1634,709.9,clap the tima.,tima,zem,1,0,0,0,0,1,0,,0,0,0,0,0,1,FALSE
XS_1634,719.1,tima.,tima,ball,1,0,0,0,0,1,0,,1,0,0,0,0,0,FALSE
XS_1634,722.5,okay ball.,ball,ball,1,1,0,0,0,0,0,,1,0,0,0,0,0,TRUE
XS_1634,723.4,back to the ball.,ball,ball,1,1,0,0,0,0,0,,1,0,0,0,0,0,TRUE
XS_1634,732.3,ball.,ball,tima,1,1,0,0,0,0,0,,0,0,0,0,1,0,FALSE
XS_1634,742.8,brush brush brush brush brush brush brush.,brush,zem,1,0,1,0,0,0,0,,0,0,0,0,0,1,FALSE
XS_1634,769.9,can you say zem?,zem,manu,1,0,0,0,0,0,1,,0,0,0,1,0,0,FALSE
XS_1634,773,or car?,car,manu,2,0,0,1,0,0,0,,0,0,0,1,0,0,FALSE
XS_1634,773,or car?,car,car,2,0,0,1,0,0,0,,0,0,1,0,0,0,TRUE
XS_1634,774.3,car.,car,car,1,0,0,1,0,0,0,,0,0,1,0,0,0,TRUE
XS_1634,776.7,brush.,brush,brush,1,0,1,0,0,0,0,,0,1,0,0,0,0,TRUE
XS_1634,857.6,can you give mommy the tima?,tima,tima,1,0,0,0,0,1,0,,0,0,0,0,1,0,TRUE
XS_1634,888.1,here's the tima?,tima,tima,1,0,0,0,0,1,0,,0,0,0,0,1,0,TRUE
XS_1634,906.5,can you put the car in the box?,car,tima,1,0,0,1,0,0,0,,0,0,0,0,1,0,FALSE
XS_1634,916.3,can you put the car in the box Avery?,car,tima,1,0,0,1,0,0,0,,0,0,0,0,1,0,FALSE
XS_1634,923.2,look this is the manu.,manu,manu,1,0,0,0,1,0,0,,0,0,0,1,0,0,TRUE
XS_1634,924.1,the manu goes where the manu picture is.,manu,manu,1,0,0,0,1,0,0,,0,0,0,1,0,0,TRUE
XS_1634,925,the manu goes where the manu picture is.,manu,manu,1,0,0,0,1,0,0,,0,0,0,1,0,0,TRUE
XS_1634,927.3,so where does the car go?,car,zem,1,0,0,1,0,0,0,,0,0,0,0,0,1,FALSE
XS_1635,31.3,a zem yeah a zem.,zem,zem,1,0,0,0,0,0,1,,0,0,0,0,0,1,TRUE
XS_1635,42.3,the zem.,zem,zem,2,0,0,0,0,0,1,,0,0,0,0,0,1,TRUE
XS_1635,42.3,the zem.,zem,ball,2,0,0,0,0,0,1,,1,0,0,0,0,0,FALSE
XS_1635,56.2,look at the ball.,ball,ball,1,1,0,0,0,0,0,,1,0,0,0,0,0,TRUE
XS_1635,58.1,do you want to see a car?,car,ball,1,0,0,1,0,0,0,,1,0,0,0,0,0,FALSE
XS_1635,61.5,where's the car [xxx]?,car,car,1,0,0,1,0,0,0,,0,0,1,0,0,0,TRUE
XS_1635,71.6,do you want look this is a manu.,manu,manu,1,0,0,0,1,0,0,,0,0,0,1,0,0,TRUE
XS_1635,74.4,manu,manu,manu,1,0,0,0,1,0,0,,0,0,0,1,0,0,TRUE
XS_1635,123.1,look this is our car.,car,car,1,0,0,1,0,0,0,,0,0,1,0,0,0,TRUE
XS_1635,133.6,should I put this car away?,car,car,1,0,0,1,0,0,0,,0,0,1,0,0,0,TRUE
XS_1635,221.6,I'll have the brush.,brush,brush,1,0,1,0,0,0,0,,0,1,0,0,0,0,TRUE
XS_1635,226.9,do you want the brush?,brush,brush,1,0,1,0,0,0,0,,0,1,0,0,0,0,TRUE
XS_1635,227.9,can I have the tima?,tima,brush,1,0,0,0,0,1,0,,0,1,0,0,0,0,FALSE
XS_1635,269.9,and the brush.,brush,tima,1,0,1,0,0,0,0,,0,0,0,0,1,0,FALSE
XS_1635,332.2,byebye zem.,zem,zem,1,0,0,0,0,0,1,,0,0,0,0,0,1,TRUE
XS_1635,359.1,can you put the brush in the can you put the brush in the house?,brush,brush,1,0,1,0,0,0,0,,0,1,0,0,0,0,TRUE
XS_1635,365,where's the zem?,zem,brush,1,0,0,0,0,0,1,,0,1,0,0,0,0,FALSE
XS_1635,366.6,can you get the zem?,zem,brush,1,0,0,0,0,0,1,,0,1,0,0,0,0,FALSE
XS_1635,372.8,can I have the brush?,brush,zem,1,0,1,0,0,0,0,,0,0,0,0,0,1,FALSE
XS_1635,413.1,here look let's get the ball.,ball,ball,1,1,0,0,0,0,0,,1,0,0,0,0,0,TRUE
XS_1635,416.9,can I put the ball in the house?,ball,ball,1,1,0,0,0,0,0,,1,0,0,0,0,0,TRUE
XS_1635,423.6,Zoen can you put the ball in the house?,ball,ball,1,1,0,0,0,0,0,,1,0,0,0,0,0,TRUE
XS_1635,429.8,can you put the ball in the house?,ball,ball,1,1,0,0,0,0,0,,1,0,0,0,0,0,TRUE
XS_1635,445.2,can you put the ball in the house?,ball,ball,1,1,0,0,0,0,0,,1,0,0,0,0,0,TRUE
XS_1635,456.4,how about the manu?,manu,manu,1,0,0,0,1,0,0,,0,0,0,1,0,0,TRUE
XS_1635,457.7,can you put the manu in the house?,manu,manu,1,0,0,0,1,0,0,,0,0,0,1,0,0,TRUE
XS_1635,520.1,let's fix the manu.,manu,manu,1,0,0,0,1,0,0,,0,0,0,1,0,0,TRUE
XS_1635,582.5,how about the ball?,ball,ball,1,1,0,0,0,0,0,,1,0,0,0,0,0,TRUE
XS_1635,613.2,let's try to hold the ball with the tima.,ball,ball,1,1,0,0,0,1,0,,1,0,0,0,0,0,TRUE
XS_1635,613.9,let's try to hold the ball with the tima.,tima,ball,1,1,0,0,0,1,0,,1,0,0,0,0,0,TRUE
XS_1635,628,can you get the ball with the tima?,ball,ball,1,1,0,0,0,1,0,,1,0,0,0,0,0,TRUE
XS_1635,628.7,can you get the ball with the tima?,tima,ball,1,1,0,0,0,1,0,,1,0,0,0,0,0,TRUE
XS_1635,664.8,do you want the ball?,ball,tima,1,1,0,0,0,0,0,,0,0,0,0,1,0,FALSE
XS_1638,0.6,this is a zem.,zem,zem,1,0,0,0,0,0,1,,0,0,0,0,0,1,TRUE
XS_1638,32.5,where's the zem?,zem,ball,1,0,0,0,0,0,1,,1,0,0,0,0,0,FALSE
XS_1638,37.1,where's the zem?,zem,ball,1,0,0,0,0,0,1,,1,0,0,0,0,0,FALSE
XS_1638,38,go get the zem.,zem,ball,1,0,0,0,0,0,1,,1,0,0,0,0,0,FALSE
XS_1638,47.4,ball.,ball,ball,1,1,0,0,0,0,0,,1,0,0,0,0,0,TRUE
XS_1638,63.9,oh can you say ball?,ball,ball,1,1,0,0,0,0,0,,1,0,0,0,0,0,TRUE
XS_1638,77.6,throw the zem and the ball.,zem,zem,1,1,0,0,0,0,1,,0,0,0,0,0,1,TRUE
XS_1638,78,throw the zem and the ball.,zem,zem,1,1,0,0,0,0,1,,0,0,0,0,0,1,TRUE
XS_1638,78.5,throw the zem and the ball.,ball,zem,1,1,0,0,0,0,1,,0,0,0,0,0,1,TRUE
XS_1638,85.8,look car.,car,car,1,0,0,1,0,0,0,,0,0,1,0,0,0,TRUE
XS_1638,88,car.,car,car,1,0,0,1,0,0,0,,0,0,1,0,0,0,TRUE
XS_1638,108.1,manu.,manu,manu,1,0,0,0,1,0,0,,0,0,0,1,0,0,TRUE
XS_1638,109.5,look at the manu.,manu,manu,1,0,0,0,1,0,0,,0,0,0,1,0,0,TRUE
XS_1638,124.5,is that a manu?,manu,zem,1,0,0,0,1,0,0,,0,0,0,0,0,1,FALSE
XS_1638,129.2,are you hitting the ball with the manu?,ball,zem,1,1,0,0,1,0,0,,0,0,0,0,0,1,FALSE
XS_1638,129.7,are you hitting the ball with the manu?,manu,zem,1,1,0,0,1,0,0,,0,0,0,0,0,1,FALSE
XS_1638,133.4,not the wall just the ball.,ball,zem,1,1,0,0,0,0,0,,0,0,0,0,0,1,FALSE
XS_1638,147.4,okay yeah you're hitting the ball with the manu.,ball,zem,1,1,0,0,1,0,0,,0,0,0,0,0,1,FALSE
XS_1638,147.9,okay yeah you're hitting the ball with the manu.,manu,zem,1,1,0,0,1,0,0,,0,0,0,0,0,1,FALSE
XS_1638,150.8,manu.,manu,zem,1,0,0,0,1,0,0,,0,0,0,0,0,1,FALSE
XS_1638,155.2,can you find the zem?,zem,zem,1,0,0,0,0,0,1,,0,0,0,0,0,1,TRUE
XS_1638,157.8,where's the zem?,zem,zem,1,0,0,0,0,0,1,,0,0,0,0,0,1,TRUE
XS_1638,170.5,find the zem.,zem,zem,1,0,0,0,0,0,1,,0,0,0,0,0,1,TRUE
XS_1638,178.8,that's a manu.,manu,ball,1,0,0,0,1,0,0,,1,0,0,0,0,0,FALSE
XS_1638,183.8,car.,car,ball,1,0,0,1,0,0,0,,1,0,0,0,0,0,FALSE
XS_1638,209.7,brush.,brush,brush,1,0,1,0,0,0,0,,0,1,0,0,0,0,TRUE
XS_1638,212.4,brush.,brush,brush,1,0,1,0,0,0,0,,0,1,0,0,0,0,TRUE
XS_1638,251.3,brushing your hair.,brush,car,1,0,1,0,0,0,0,,0,0,1,0,0,0,FALSE
XS_1638,273.5,do you want the tima?,tima,tima,1,0,0,0,0,1,0,,0,0,0,0,1,0,TRUE
XS_1638,275.6,here's a tima.,tima,tima,1,0,0,0,0,1,0,,0,0,0,0,1,0,TRUE
XS_1638,288.9,tima.,tima,ball,1,0,0,0,0,1,0,,1,0,0,0,0,0,FALSE
XS_1638,314.4,tima.,tima,tima,1,0,0,0,0,1,0,,0,0,0,0,1,0,TRUE
XS_1638,316.5,tima.,tima,tima,1,0,0,0,0,1,0,,0,0,0,0,1,0,TRUE
XS_1638,320.2,tima.,tima,tima,1,0,0,0,0,1,0,,0,0,0,0,1,0,TRUE
XS_1638,376.2,brush.,brush,ball,1,0,1,0,0,0,0,,1,0,0,0,0,0,FALSE
XS_1638,384.9,is this a zem?,zem,tima,1,0,0,0,0,0,1,,0,0,0,0,1,0,FALSE
XS_1638,394.6,is this a tima?,tima,brush,2,0,0,0,0,1,0,,0,1,0,0,0,0,FALSE
XS_1638,394.6,is this a tima?,tima,tima,2,0,0,0,0,1,0,,0,0,0,0,1,0,TRUE
XS_1638,404.6,tima.,tima,tima,1,0,0,0,0,1,0,,0,0,0,0,1,0,TRUE
XS_1638,420.4,where's the ball?,ball,tima,1,1,0,0,0,0,0,,0,0,0,0,1,0,FALSE
XS_1638,422.5,where's the ball?,ball,tima,1,1,0,0,0,0,0,,0,0,0,0,1,0,FALSE
XS_1638,580.6,can you say zem?,zem,ball,1,0,0,0,0,0,1,,1,0,0,0,0,0,FALSE
XS_1638,664.1,brush.,brush,brush,1,0,1,0,0,0,0,,0,1,0,0,0,0,TRUE
XS_1638,666.8,brush.,brush,brush,1,0,1,0,0,0,0,,0,1,0,0,0,0,TRUE
XS_1638,718.8,where's a brush?,brush,zem,2,0,1,0,0,0,0,,0,0,0,0,0,1,FALSE
XS_1638,718.8,where's a brush?,brush,car,2,0,1,0,0,0,0,,0,0,1,0,0,0,FALSE
XS_1638,719.9,zem.,zem,zem,2,0,0,0,0,0,1,,0,0,0,0,0,1,TRUE
XS_1638,719.9,zem.,zem,car,2,0,0,0,0,0,1,,0,0,1,0,0,0,FALSE
XS_1638,731,here's the zem.,zem,zem,1,0,0,0,0,0,1,,0,0,0,0,0,1,TRUE
XS_1638,732.2,zem zem zem.,zem,zem,1,0,0,0,0,0,1,,0,0,0,0,0,1,TRUE
XS_1638,814.3,how about the zem?,zem,ball,1,0,0,0,0,0,1,,1,0,0,0,0,0,FALSE
XS_1638,846.8,tima.,tima,ball,1,0,0,0,0,1,0,,1,0,0,0,0,0,FALSE
XS_1638,849.7,can you say tima?,tima,manu,1,0,0,0,0,1,0,,0,0,0,1,0,0,FALSE
XS_1638,852.5,zem.,zem,tima,1,0,0,0,0,0,1,,0,0,0,0,1,0,FALSE
XS_1638,854.4,can you say zem?,zem,tima,1,0,0,0,0,0,1,,0,0,0,0,1,0,FALSE
XS_1638,859.5,where's the tima?,tima,tima,1,0,0,0,0,1,0,,0,0,0,0,1,0,TRUE
XS_1639,5.5,is that for brush?,brush,brush,1,0,1,0,0,0,0,,0,1,0,0,0,0,TRUE
XS_1639,24.6,a zem.,zem,zem,1,0,0,0,0,0,1,,0,0,0,0,0,1,TRUE
XS_1639,29.9,this is a yellow zem.,zem,ball,1,0,0,0,0,0,1,,1,0,0,0,0,0,FALSE
XS_1639,33,a zem.,zem,zem,2,0,0,0,0,0,1,,0,0,0,0,0,1,TRUE
XS_1639,33,a zem.,zem,ball,2,0,0,0,0,0,1,,1,0,0,0,0,0,FALSE
XS_1639,61.4,it's a purple ball.,ball,zem,2,1,0,0,0,0,0,,0,0,0,0,0,1,FALSE
XS_1639,61.4,it's a purple ball.,ball,ball,2,1,0,0,0,0,0,,1,0,0,0,0,0,TRUE
XS_1639,71.6,a purple ball.,ball,zem,1,1,0,0,0,0,0,,0,0,0,0,0,1,FALSE
XS_1639,90.2,this is a nice brush.,brush,brush,1,0,1,0,0,0,0,,0,1,0,0,0,0,TRUE
XS_1639,99.5,look it's a car.,car,car,1,0,0,1,0,0,0,,0,0,1,0,0,0,TRUE
XS_1639,107.8,a car.,car,zem,2,0,0,1,0,0,0,,0,0,0,0,0,1,FALSE
XS_1639,107.8,a car.,car,tima,2,0,0,1,0,0,0,,0,0,0,0,1,0,FALSE
XS_1639,114.8,this is a tima.,tima,tima,1,0,0,0,0,1,0,,0,0,0,0,1,0,TRUE
XS_1639,117.9,do you want to see what the car does?,car,tima,1,0,0,1,0,0,0,,0,0,0,0,1,0,FALSE
XS_1639,153.6,oh you want the brush.,brush,brush,1,0,1,0,0,0,0,,0,1,0,0,0,0,TRUE
XS_1639,155.1,brush.,brush,brush,1,0,1,0,0,0,0,,0,1,0,0,0,0,TRUE
XS_1639,158.8,brush your hair.,brush,car,1,0,1,0,0,0,0,,0,0,1,0,0,0,FALSE
XS_1639,160.7,brush your hair.,brush,car,1,0,1,0,0,0,0,,0,0,1,0,0,0,FALSE
XS_1639,279.2,oh let's get the ball.,ball,zem,1,1,0,0,0,0,0,,0,0,0,0,0,1,FALSE
XS_1639,280.7,let's get the ball.,ball,zem,1,1,0,0,0,0,0,,0,0,0,0,0,1,FALSE
XS_1639,282.1,ball.,ball,zem,1,1,0,0,0,0,0,,0,0,0,0,0,1,FALSE
XS_1639,288.9,ball and the manu.,manu,ball,1,1,0,0,1,0,0,,1,0,0,0,0,0,TRUE
XS_1639,346.5,get the ball.,ball,ball,1,1,0,0,0,0,0,,1,0,0,0,0,0,TRUE
XS_1639,351,can you throw the ball to mama?,ball,tima,1,1,0,0,0,0,0,,0,0,0,0,1,0,FALSE
XS_1639,354.6,throw the ball to mommy.,ball,tima,1,1,0,0,0,0,0,,0,0,0,0,1,0,FALSE
XS_1639,358.5,throw the ball to mama.,ball,tima,1,1,0,0,0,0,0,,0,0,0,0,1,0,FALSE
XS_1639,361.3,you're gonna do brush for mama?,brush,tima,1,0,1,0,0,0,0,,0,0,0,0,1,0,FALSE
XS_1639,364.5,brush mama's hair.,brush,tima,1,0,1,0,0,0,0,,0,0,0,0,1,0,FALSE
XS_1639,371.7,can you get the ball?,ball,tima,2,1,0,0,0,0,0,,0,0,0,0,1,0,FALSE
XS_1639,371.7,can you get the ball?,ball,ball,2,1,0,0,0,0,0,,1,0,0,0,0,0,TRUE
XS_1639,373.3,you see the ball?,ball,tima,2,1,0,0,0,0,0,,0,0,0,0,1,0,FALSE
XS_1639,373.3,you see the ball?,ball,ball,2,1,0,0,0,0,0,,1,0,0,0,0,0,TRUE
XS_1639,394.2,purple ball.,ball,manu,1,1,0,0,0,0,0,,0,0,0,1,0,0,FALSE
XS_1639,399.5,purple ball.,ball,manu,1,1,0,0,0,0,0,,0,0,0,1,0,0,FALSE
XS_1639,401.4,you can brush your hair.,brush,zem,1,0,1,0,0,0,0,,0,0,0,0,0,1,FALSE
XS_1639,403.2,brush mama's hair.,brush,zem,1,0,1,0,0,0,0,,0,0,0,0,0,1,FALSE
XS_1639,407,brush brush.,brush,brush,1,0,1,0,0,0,0,,0,1,0,0,0,0,TRUE
XS_1639,407.8,brush brush.,brush,brush,1,0,1,0,0,0,0,,0,1,0,0,0,0,TRUE
XS_1639,408.1,brush brush.,brush,brush,1,0,1,0,0,0,0,,0,1,0,0,0,0,TRUE
XS_1639,409.1,brush brush.,brush,brush,1,0,1,0,0,0,0,,0,1,0,0,0,0,TRUE
XS_1639,409.4,brush brush.,brush,brush,1,0,1,0,0,0,0,,0,1,0,0,0,0,TRUE
XS_1639,440.5,do you like the zem?,zem,car,1,0,0,0,0,0,1,,0,0,1,0,0,0,FALSE
XS_1639,462.6,oh that's the brush.,brush,brush,1,0,1,0,0,0,0,,0,1,0,0,0,0,TRUE
XS_1639,531.2,let's get the zem.,zem,zem,1,0,0,0,0,0,1,,0,0,0,0,0,1,TRUE
XS_1639,549,can you get the ball?,ball,zem,1,1,0,0,0,0,0,,0,0,0,0,0,1,FALSE
XS_1639,649.9,where'd the ball go?,ball,ball,1,1,0,0,0,0,0,,1,0,0,0,0,0,TRUE
XS_1639,655.2,ball.,ball,ball,1,1,0,0,0,0,0,,1,0,0,0,0,0,TRUE
XS_1639,671.7,where's the ball?,ball,ball,1,1,0,0,0,0,0,,1,0,0,0,0,0,TRUE
XS_1639,673.2,where's the ball?,ball,ball,1,1,0,0,0,0,0,,1,0,0,0,0,0,TRUE
XS_1639,712,tima.,tima,tima,1,0,0,0,0,1,0,,0,0,0,0,1,0,TRUE
XS_1639,726.1,oh the tima.,tima,manu,1,0,0,0,0,1,0,,0,0,0,1,0,0,FALSE
XS_1639,825.5,here comes purple ball.,ball,ball,1,1,0,0,0,0,0,,1,0,0,0,0,0,TRUE
XS_1639,827.6,purple ball.,ball,ball,1,1,0,0,0,0,0,,1,0,0,0,0,0,TRUE
XS_1639,840.7,can you throw the ball?,ball,manu,1,1,0,0,0,0,0,,0,0,0,1,0,0,FALSE
XS_1639,843.2,throw me the ball.,ball,manu,1,1,0,0,0,0,0,,0,0,0,1,0,0,FALSE
XS_1639,882.8,kick the ball.,ball,car,1,1,0,0,0,0,0,,0,0,1,0,0,0,FALSE
XS_0811,305.5,oh ball.,,multi,,1,0,0,0,0,0,2,1,0,0,0,0,1,TRUE
XS_0811,307.2,wanna play ball?,,multi,,1,0,0,0,0,0,2,1,0,0,0,0,1,TRUE
XS_0815,780.9,get the brush too.,,multi,,0,1,0,0,0,0,2,0,1,0,0,1,0,TRUE
XS_0815,1119.3,go get the ball.,,multi,,1,0,0,0,0,0,2,1,0,0,0,0,1,TRUE
XS_0819,566.2,brush car?,,multi,,0,1,1,0,0,0,2,0,1,1,0,0,0,TRUE
XS_0821,607.3,the brush.,,multi,,0,1,0,0,0,0,2,0,1,0,0,1,0,TRUE
XS_0821,641,and you got a manu.,,multi,,0,0,0,1,0,0,2,0,0,1,0,1,0,FALSE
XS_0821,682.7,can you try the tima?,,multi,,0,0,0,0,1,0,2,0,0,0,1,1,0,TRUE
XS_0821,684.2,try tima again.,,multi,,0,0,0,0,1,0,2,0,0,0,1,1,0,TRUE
XS_0821,847.9,ah back to the tima.,,multi,,0,0,0,0,1,0,2,1,0,1,0,0,0,FALSE
XS_0825,102.1,oh you like the ball better?,,multi,,1,0,0,0,0,0,2,1,0,0,0,0,1,TRUE
XS_1201,292.1,is that the car?,,multi,,0,0,1,0,0,0,2,0,0,1,0,0,1,TRUE
XS_1205,128.8,go get the ball.,,multi,,1,0,0,0,0,0,2,1,0,0,0,0,1,TRUE
XS_1205,212.4,or do you want to see the car?,,multi,,0,0,1,0,0,0,2,0,0,1,1,0,0,TRUE
XS_1205,497.1,can you brush them?,,multi,,0,1,0,0,0,0,2,0,1,0,0,1,0,TRUE
XS_1205,730.5,brush brush brush brush brush.,,multi,,0,1,0,0,0,0,2,0,1,0,0,1,0,TRUE
XS_1208,111.6,we've got a car.,,multi,,0,0,1,0,0,0,2,0,0,1,1,0,0,TRUE
XS_1208,113,and a manu.,,multi,,0,0,0,1,0,0,2,0,0,1,1,0,0,TRUE
XS_1208,114.7,a car and a manu.,,multi,,0,0,1,1,0,0,2,0,0,1,1,0,0,TRUE
XS_1208,115.4,a car and a manu.,,multi,,0,0,1,1,0,0,2,0,0,1,1,0,0,TRUE
XS_1211,23.8,you want to brush your toes with a zem?,,multi,,0,1,0,0,0,1,2,1,0,0,0,0,1,TRUE
XS_1211,145.2,can you give the ball to grandma?,,multi,,1,0,0,0,0,0,2,1,0,0,0,0,1,TRUE
XS_1211,179.9,we could hit the ball with it.,,multi,,1,0,0,0,0,0,2,1,0,0,0,0,1,TRUE
XS_1211,507.6,that's a silly car.,,multi,,0,0,1,0,0,0,2,0,0,1,1,0,0,TRUE
XS_1216,345,oh it's a manu.,,multi,,0,0,0,1,0,0,2,0,0,1,1,0,0,TRUE
XS_1216,362,manu.,,multi,,0,0,0,1,0,0,2,0,0,1,1,0,0,TRUE
XS_1216,910,this is called tima.,,multi,,0,0,0,0,1,0,2,0,1,0,0,1,0,TRUE
XS_1218,60,car.,,multi,,0,0,1,0,0,0,2,0,0,1,1,0,0,TRUE
XS_1218,217,manu.,,multi,,0,0,0,1,0,0,2,0,1,0,1,0,0,TRUE
XS_1218,527,this is zem.,,multi,,0,0,0,0,0,1,2,0,0,0,0,1,1,TRUE
XS_1218,530,zem.,,multi,,0,0,0,0,0,1,2,0,0,0,0,1,1,TRUE
XS_1219,467,can you go get the tima?,,multi,,0,0,0,0,1,0,2,0,0,1,0,1,0,TRUE
XS_1219,497,do you want to go play with the tima?,,multi,,0,0,0,0,1,0,2,0,0,1,0,1,0,TRUE
XS_1219,499,where's the tima?,,multi,,0,0,0,0,1,0,2,0,0,1,0,1,0,TRUE
XS_1219,500,where's the tima?,,multi,,0,0,0,0,1,0,2,0,0,1,0,1,0,TRUE
XS_1219,503,where's the tima?,,multi,,0,0,0,0,1,0,2,0,0,1,0,1,0,TRUE
XS_1219,511,want to get the tima?,,multi,,0,0,0,0,1,0,2,0,0,1,0,1,0,TRUE
XS_1224,385.6,should we do brush or tima?,,multi,,0,1,0,0,1,0,2,0,1,0,0,1,0,TRUE
XS_1224,386.2,should we do brush or tima?,,multi,,0,1,0,0,1,0,2,0,1,0,0,1,0,TRUE
XS_1224,402.8,where's the brush and the tima?,,multi,,0,1,0,0,1,0,2,0,1,0,0,1,0,TRUE
XS_1224,403.3,where's the brush and the tima?,,multi,,0,1,0,0,1,0,2,0,1,0,0,1,0,TRUE
XS_1229,876.9,where's the brush?,,multi,,0,1,0,0,0,0,2,1,0,0,0,1,0,FALSE
XS_1230,249.9,and that's not a [xxx] toothbrush.,,multi,,0,1,0,0,0,0,2,1,0,0,0,0,1,FALSE
XS_1604,48.7,roll the ball.,,multi,,1,0,0,0,0,0,2,1,0,0,0,0,1,TRUE
XS_1604,98.2,which one is the zem?,,multi,,0,0,0,0,0,1,2,1,0,0,0,0,1,TRUE
XS_1604,748.5,how about how about the brush?,,multi,,0,1,0,0,0,0,2,0,1,0,1,0,0,TRUE
XS_1612,602.9,this is a manu.,,multi,,0,0,0,1,0,0,2,0,0,1,1,0,0,TRUE
XS_1612,604.5,manu.,,multi,,0,0,0,1,0,0,2,0,0,1,1,0,0,TRUE
XS_1612,606.1,and this is a car.,,multi,,0,0,1,0,0,0,2,0,0,1,1,0,0,TRUE
XS_1612,725.9,you want the racecar.,,multi,,0,0,1,0,0,0,2,0,0,1,1,0,0,TRUE
XS_1619,583,okay give me the ball.,,multi,,1,0,0,0,0,0,2,0,1,0,0,1,0,FALSE
XS_1619,587,want the brush?,,multi,,0,1,0,0,0,0,2,0,1,0,0,1,0,TRUE
XS_1628,423.2,we have a car and a manu.,,multi,,0,0,1,1,0,0,2,0,0,1,1,0,0,TRUE
XS_1628,424.4,we have a car and a manu.,,multi,,0,0,1,1,0,0,2,0,0,1,1,0,0,TRUE
XS_1628,426.6,manu.,,multi,,0,0,0,1,0,0,2,0,0,1,1,0,0,TRUE
XS_1628,431.3,vroom vroom goes the car.,,multi,,0,0,1,0,0,0,2,0,0,1,1,0,0,TRUE
XS_1628,435.8,squeak squeak goes the manu.,,multi,,0,0,0,1,0,0,2,0,0,1,1,0,0,TRUE
XS_1628,444.8,that car squeaks.,,multi,,0,0,1,0,0,0,2,0,0,1,1,0,0,TRUE
XS_1628,474,what about the tima?,,multi,,0,0,0,0,1,0,2,0,1,0,0,1,0,TRUE
XS_1628,533.1,a ball and a zem.,,multi,,1,0,0,0,0,1,2,1,0,0,0,0,1,TRUE
XS_1628,608.2,what about the car?,,multi,,0,0,1,0,0,0,2,0,0,1,1,0,0,TRUE
XS_1628,616.3,the car and a manu.,,multi,,0,0,1,1,0,0,2,0,0,1,1,0,0,TRUE
XS_1628,617.9,the car and a manu.,,multi,,0,0,1,1,0,0,2,0,0,1,1,0,0,TRUE
XS_1628,765.7,the manu.,,multi,,0,0,0,1,0,0,2,0,0,1,1,0,0,TRUE
XS_1629,108.2,a brush.,,multi,,0,1,0,0,0,0,2,0,1,0,0,1,0,TRUE
XS_1629,109.9,a brush.,,multi,,0,1,0,0,0,0,2,0,1,0,0,1,0,TRUE
XS_1629,115.1,and a tima.,,multi,,0,0,0,0,1,0,2,0,1,0,0,1,0,TRUE
XS_1629,132.1,oh brush.,,multi,,0,1,0,0,0,0,2,0,1,0,0,1,0,TRUE
XS_1629,158.3,can you brush it?,,multi,,0,1,0,0,0,0,2,0,1,0,0,1,0,TRUE
XS_1629,574.4,do you want to see this brush again?,,multi,,0,1,0,0,0,0,2,0,1,0,0,1,0,TRUE
XS_1629,855.1,ball on the zem.,,multi,,1,0,0,0,0,1,2,1,0,0,0,0,1,TRUE
XS_1629,858.8,ball on the zem.,,multi,,1,0,0,0,0,1,2,1,0,0,0,0,1,TRUE
XS_1634,620.1,are you done with the brush?,,multi,,0,1,0,0,0,0,2,1,0,1,0,0,0,FALSE
XS_1634,744.2,brush brush brush brush brush brush brush.,,multi,,0,1,0,0,0,0,2,0,1,0,0,0,1,TRUE
XS_1634,746.3,brush brush brush brush brush.,,multi,,0,1,0,0,0,0,2,0,1,0,0,0,1,TRUE
XS_1634,758.8,you want the car?,,multi,,0,0,1,0,0,0,2,0,0,1,0,0,1,TRUE
XS_1635,659.3,I'm going to go get the ball.,,multi,,1,0,0,0,0,0,2,1,0,0,0,1,0,TRUE
XS_1635,664.8,do you want the ball?,,multi,,1,0,0,0,0,0,2,1,0,0,0,1,0,TRUE
XS_1635,675.5,Zoen can you get the ball?,,multi,,1,0,0,0,0,0,2,1,0,0,0,1,0,TRUE
XS_1635,690.2,do you want to hold onto the tima?,,multi,,0,0,0,0,1,0,2,1,0,0,0,1,0,TRUE
XS_1638,153.2,where's the zem?,,multi,,0,0,0,0,0,1,2,1,0,0,0,0,1,TRUE
XS_1638,155.2,can you find the zem?,,multi,,0,0,0,0,0,1,2,1,0,0,0,0,1,TRUE
XS_1638,157.8,where's the zem?,,multi,,0,0,0,0,0,1,2,1,0,0,0,0,1,TRUE
XS_1638,852.5,zem.,,multi,,0,0,0,0,0,1,2,0,0,1,1,0,0,FALSE
XS_1639,371.7,can you get the ball?,,multi,,1,0,0,0,0,0,2,1,0,0,1,0,0,TRUE
XS_1639,440.5,do you like the zem?,,multi,,0,0,0,0,0,1,2,0,0,1,0,1,0,FALSE
XS_1639,504.9,the car got you.,,multi,,0,0,1,0,0,0,2,1,0,0,1,0,0,FALSE
XS_1639,549,can you get the ball?,,multi,,1,0,0,0,0,0,2,0,0,0,0,1,1,FALSE
XS_1639,552,where's our ball?,,multi,,1,0,0,0,0,0,2,0,0,0,0,1,1,FALSE
XS_1639,635.6,let's get the ball.,,multi,,1,0,0,0,0,0,2,1,0,0,1,0,0,TRUE
XS_1639,637.4,I'm gonna get the purple ball.,,multi,,1,0,0,0,0,0,2,1,0,0,1,0,0,TRUE
XS_1639,640.3,I'm gonna get the ball.,,multi,,1,0,0,0,0,0,2,1,0,0,1,0,0,TRUE
XS_1639,641.9,I'm gonna get the ball.,,multi,,1,0,0,0,0,0,2,1,0,0,1,0,0,TRUE
XS_1639,742.3,oh a manu.,,multi,,0,0,0,1,0,0,2,1,0,0,1,0,0,TRUE
XS_1639,745.1,a manu.,,multi,,0,0,0,1,0,0,2,1,0,0,1,0,0,TRUE
XS_1639,745.1,a manu.,,multi,,0,0,0,1,0,0,2,0,0,1,0,0,1,FALSE
XS_1639,825.5,here comes purple ball.,,multi,,1,0,0,0,0,0,2,0,0,1,0,0,1,FALSE